Links,Name,Reviews,Foodtype,Phone number,Address,images,rating,Locationhours,category
https://s3-media0.fl.yelpcdn.com,Lalibela Ethiopian Restaurant,149 reviews,Ethiopian,(416) 535-6615,"Toronto, ON M6G 1M4",https://s3-media0.fl.yelpcdn.com/bphoto/Fsv2uJxaks_TeZQ0GaFa6Q/l.jpg,,10:00 AM - 2:00 AM (Next day),Ethiopian
https://s3-media0.fl.yelpcdn.com,Abyssinia Ethiopian Restaurant,23 reviews,,(416) 778-9798,"Toronto, ON M4J 1L7",https://s3-media0.fl.yelpcdn.com/bphoto/fwehGIwq6ZO_2hL_ymWUYg/l.jpg,,11:00 AM - 12:00 AM (Next day),Ethiopian
https://s3-media0.fl.yelpcdn.com,Shalom Ethopian Restaurant,23 reviews,Ethiopian,"587 Parliament Street Toronto, ON M4X 1P9","Toronto, ON M4X 1P9",https://s3-media0.fl.yelpcdn.com/bphoto/AhE2i8e48UXof1r4RsFc_w/l.jpg,,,Ethiopian
https://s3-media0.fl.yelpcdn.com,Nunu Ethiopian Fusion,85 reviews,Ethiopian,(647) 351-6868,"Toronto, ON M6J 2J5",https://s3-media0.fl.yelpcdn.com/bphoto/9mMwNGRnBJI2KYIE-BfoEA/l.jpg,,,Ethiopian
https://s3-media0.fl.yelpcdn.com,Selam Restaurant & Lounge,59 reviews,Ethiopian,(416) 915-7225,"Toronto, ON M6G 1L9",https://s3-media0.fl.yelpcdn.com/bphoto/wlp5WgLt2EUD6KNbYe6liQ/l.jpg,,,Ethiopian
https://s3-media0.fl.yelpcdn.com,Ethiopian House Restaurant,172 reviews,Ethiopian,(416) 923-5438,"Toronto, ON M4Y 1K9",https://s3-media0.fl.yelpcdn.com/bphoto/oJPNpnP6RckFXLKfalEIrg/l.jpg,,12:00 PM - 12:00 AM (Next day),Ethiopian
https://s3-media0.fl.yelpcdn.com,Flavours Of Sheba,12 reviews,,"1310 St Clair Avenue W Toronto, ON M6E 1C1","Toronto, ON M6E 1C1",https://s3-media0.fl.yelpcdn.com/bphoto/VxF2fPEZbPxpfEHe_evl8Q/l.jpg,,,Ethiopian
https://s3-media0.fl.yelpcdn.com,African Palace,92 reviews,Ethiopian,(416) 539-0259,"Toronto, ON M6H 1L7",https://s3-media0.fl.yelpcdn.com/bphoto/JgwONcuUstOKHmSQX3LSXA/l.jpg,,4:00 PM - 11:00 PM,Ethiopian
https://s3-media0.fl.yelpcdn.com,Abyssinia YYZ - Ethiopian & Eritrean Cuisine,3 reviews,,(416) 485-8443,"Toronto, ON M4S 1Z9",https://s3-media0.fl.yelpcdn.com/bphoto/n7hT8o-RauwvkvF3xuQxbg/l.jpg,,12:00 PM - 10:00 PM,Ethiopian
https://s3-media0.fl.yelpcdn.com,Jolly Bar & Restaurant,4 reviews,,(647) 350-5288,"Toronto, ON M6G 1M2",https://s3-media0.fl.yelpcdn.com/bphoto/f0_18eQ7Wvr4G-z8rbMVzg/l.jpg,,10:00 AM - 2:00 AM (Next day),Ethiopian
https://s3-media0.fl.yelpcdn.com,Lucy Ethiopian Kitchen,59 reviews,Ethiopian,(416) 406-0534,"Toronto, ON M4C",https://s3-media0.fl.yelpcdn.com/bphoto/DYTKOMXHUopgHJzVhPZRiQ/l.jpg,,2:00 PM - 2:00 AM (Next day),Ethiopian
https://s3-media0.fl.yelpcdn.com,Salwaa Shawarma,,,(647) 849-3637,Ste B,https://s3-media0.fl.yelpcdn.com/bphoto/UT1TkkAJf-XVvGEjJqZNGQ/l.jpg,,11:00 AM - 9:00 PM,Middle Eastern
https://s3-media0.fl.yelpcdn.com,Pita Land,,,(647) 748-1933,,https://s3-media0.fl.yelpcdn.com/bphoto/Y-KwpDN0maV5q_jIbJ2gvg/l.jpg,,10:00 AM - 9:00 PM,Middle Eastern
https://s3-media0.fl.yelpcdn.com,Piassa Ingera,3 reviews,,"260 Dundas Street E Toronto, ON M5A 1Z6",,,,,Ethiopian
https://s3-media0.fl.yelpcdn.com,Sora Ethiopian Restaurant,5 reviews,Ethiopian,(647) 347-6722,"Toronto, ON M4J 1M9",https://s3-media0.fl.yelpcdn.com/bphoto/VxikkLGp7IyUBiBNqq9tmQ/l.jpg,,,Ethiopian
https://s3-media0.fl.yelpcdn.com,Selam Vegan,8 reviews,,(647) 344-7225,"Toronto, ON M6G 1L9",https://s3-media0.fl.yelpcdn.com/bphoto/IFbYffsxsOT2iMEfoKyMXQ/l.jpg,,,Ethiopian
https://s3-media0.fl.yelpcdn.com,Wazema Ethiopian Restaurant,21 reviews,Ethiopian,(416) 466-5713,"Toronto, ON M4J",https://s3-media0.fl.yelpcdn.com/bphoto/d4-KORFBFwt6lBYWmRz3aw/l.jpg,,12:00 PM - 12:00 AM (Next day),Ethiopian
https://s3-media0.fl.yelpcdn.com,Blue Nile Restaurant,14 reviews,Ethiopian,(416) 465-9454,"Toronto, ON M4J 1M6",https://s3-media0.fl.yelpcdn.com/bphoto/p-zt-UUmEi2on7kZcpm1bQ/l.jpg,,4:00 PM - 12:00 AM (Next day),Ethiopian
https://s3-media0.fl.yelpcdn.com,Lalibela Ethiopian Restaurant,86 reviews,Ethiopian,(416) 645-0486,"Toronto, ON M4J",https://s3-media0.fl.yelpcdn.com/bphoto/DocFS71ZkKlKGEB_pB8xIA/l.jpg,,10:00 AM - 1:00 AM (Next day),Ethiopian
https://s3-media0.fl.yelpcdn.com,Enat Buna  Ethiopian Fusion  Cafe,111 reviews,Ethiopian,(416) 901-2928,"Toronto, ON M5A 1S2",https://s3-media0.fl.yelpcdn.com/bphoto/feVwAZDxrFo_FecGWq7CnA/l.jpg,,9:00 AM - 8:00 PM,Ethiopian
https://s3-media0.fl.yelpcdn.com,King Solomon and Queen of Sheba,21 reviews,Ethiopian,"360 Queen Street E Toronto, ON M5A 1T1","Toronto, ON M5A 1T1",https://s3-media0.fl.yelpcdn.com/bphoto/ZPK0x6KkdF6qzT6RupgQYw/l.jpg,,11:00 AM - 1:00 AM (Next day),Ethiopian
https://s3-media0.fl.yelpcdn.com,Mocha Cafe,,,"1290 Danforth Avenue Toronto, ON M4J 1M6","Toronto, ON M4J 1M6",,,,Cafes
https://s3-media0.fl.yelpcdn.com,Rendez-Vous,103 reviews,Ethiopian,(416) 469-2513,"Toronto, ON M4J 1M9",https://s3-media0.fl.yelpcdn.com/bphoto/Q-1YvgXSj4zBHAb1jB9qXg/l.jpg,,11:00 AM - 1:00 AM (Next day),Ethiopian
https://s3-media0.fl.yelpcdn.com,Lambadina Resto Lounge,,,"875 Bloor Street W 2nd Floor Toronto, ON M6G 3T6",2nd Floor,,,,Ethiopian
https://s3-media0.fl.yelpcdn.com,Maple Cafe,1 review,,"5 Linsmore Crescent Toronto, ON M4J 4K7","Toronto, ON M4J 4K7",https://s3-media0.fl.yelpcdn.com/bphoto/f9LAHdI6VdPOnprSbVuDew/l.jpg,,7:00 AM - 8:00 PM,Ethiopian
https://s3-media0.fl.yelpcdn.com,Ethiopian Village Food & Spice,,,"2229 Danforth Ave Toronto, ON M4C","Toronto, ON M4C",,,,Ethiopian
https://s3-media0.fl.yelpcdn.com,Abugida Restaurant,1 review,,(647) 358-6030,"Toronto, ON M4J 1N2",https://s3-media0.fl.yelpcdn.com/bphoto/L3l73Eu5YCWYFXpt4We3_g/l.jpg,,11:00 AM - 11:00 PM,Ethiopian
https://s3-media0.fl.yelpcdn.com,Hirut,15 reviews,Ethiopian,(416) 551-7560,"Toronto, ON M4C 1J6",https://s3-media0.fl.yelpcdn.com/bphoto/gE8KkWPGESquV-dgRq3LCA/l.jpg,,,Ethiopian
https://s3-media0.fl.yelpcdn.com,Ethio & Eri,1 review,,"707 Dundas St W Toronto, ON M5T 2W6","Toronto, ON M5T 2W6",https://s3-media0.fl.yelpcdn.com/bphoto/N6qlZW1InLoDNZUXjkyn4g/l.jpg,,,African
https://s3-media0.fl.yelpcdn.com,African Delight Cafe and Restaurant,10 reviews,,"1180 Bloor Street W Toronto, ON M6H 1N1","Toronto, ON M6H 1N1",https://s3-media0.fl.yelpcdn.com/bphoto/zBD7VwUI98DuW-YdScbRJA/l.jpg,,11:00 AM - 11:00 PM,Ethiopian
https://s3-media0.fl.yelpcdn.com,Ethiopian Cafe and Pasteries,2 reviews,,"873 Bloor Street W Toronto, ON M8X 1G2","Toronto, ON M8X 1G2",https://s3-media0.fl.yelpcdn.com/bphoto/TqGsAw3MukvuVrtUc_uJJQ/l.jpg,,,Ethiopian
