Links,Name,Reviews,Foodtype,Phone number,Address,images,rating,Locationhours,category
https://s3-media0.fl.yelpcdn.com,Bagnet Bros,21 reviews,Filipino,(416) 256-9555,,https://s3-media0.fl.yelpcdn.com/bphoto/Ur8MGopzWbugNbEazAtl2w/l.jpg,,,Filipino
https://s3-media0.fl.yelpcdn.com,Bar'kada,5 reviews,,(416) 551-8889,"Toronto, ON M6J 1G1",https://s3-media0.fl.yelpcdn.com/bphoto/IQMUCXSVEDh2NOdrVRmHug/l.jpg,,,Wine Bars
https://s3-media0.fl.yelpcdn.com,Tocino Boys,8 reviews,Street Vendors,"214 Ossington Ave Toronto, ON M6J 2Z9","Toronto, ON M6J 2Z9",https://s3-media0.fl.yelpcdn.com/bphoto/g5_gXWoWdsRWMReIXV0z_Q/l.jpg,,,Street Vendors
https://s3-media0.fl.yelpcdn.com,Islas Filipino BBQ and Bar,67 reviews,,(416) 533-0777,"Toronto, ON M6R 1B3",https://s3-media0.fl.yelpcdn.com/bphoto/jkTLU_AGlLh4Wo0K9fhZ1w/l.jpg,,"11:00 AM - 2:30 PM, 4:00 PM - 8:30 PM",Filipino
https://s3-media0.fl.yelpcdn.com,Kuya Joe's Kitchen,11 reviews,,(416) 901-5892,"Toronto, ON M1H 2Y1",https://s3-media0.fl.yelpcdn.com/bphoto/bbPv_39WKAedHXkDJc8N8w/l.jpg,,,Filipino
https://s3-media0.fl.yelpcdn.com,Happy Tummy Filipino Cuisine,20 reviews,Filipino,(647) 347-8838,"Toronto, ON M1W 3G5",https://s3-media0.fl.yelpcdn.com/bphoto/l8ydD_1pjAoexwgxOxdi_A/l.jpg,,11:30 AM - 8:00 PM,Filipino
https://s3-media0.fl.yelpcdn.com,Sampaguita Village,99 reviews,Filipino,(416) 630-2122,,https://s3-media0.fl.yelpcdn.com/bphoto/Bt5WCQtBzTe__8JKw_husQ/l.jpg,,,Filipino
https://s3-media0.fl.yelpcdn.com,Chelsea's,2 reviews,,"29 Howard Street Toronto, ON M4X 1J6",,https://s3-media0.fl.yelpcdn.com/bphoto/ntbI8fUjZzgfNgWhoFQmDQ/l.jpg,,,Filipino
https://s3-media0.fl.yelpcdn.com,Lamesa Filipino Kitchen,350 reviews,Filipino,(647) 343-1110,,https://s3-media0.fl.yelpcdn.com/bphoto/gR6azwG9hqWtUnmmXdQGCQ/l.jpg,,,Filipino
https://s3-media0.fl.yelpcdn.com,Tinuno,566 reviews,Filipino,(647) 343-9294,,https://s3-media0.fl.yelpcdn.com/bphoto/EFz5X7DOOuZfE-HmcKq9VQ/l.jpg,,11:00 AM - 8:30 PM,Filipino
https://s3-media0.fl.yelpcdn.com,Jollibee,7 reviews,,"334 Yonge Street Toronto, ON M5B 1R8","Toronto, ON M5B 1R8",https://s3-media0.fl.yelpcdn.com/bphoto/EqaiJ3oweGUoWqqVhWFItg/l.jpg,,,Filipino
https://s3-media0.fl.yelpcdn.com,Tinuno - Little Manila,,,(437) 929-9294,,https://s3-media0.fl.yelpcdn.com/bphoto/_SgVNVNKAXfMI6ezhjRAjg/l.jpg,,11:00 AM - 8:30 PM,Filipino
https://s3-media0.fl.yelpcdn.com,Manila Bay Resto Bar,,,"566 Queen Street W Toronto, ON M5V 2B5","Toronto, ON M5V 2B5",https://s3-media0.fl.yelpcdn.com/bphoto/ibaaXONLHf0WAPe5vJX9bg/l.jpg,,,Filipino
https://s3-media0.fl.yelpcdn.com,,,,,,,,,
https://s3-media0.fl.yelpcdn.com,Tagpuan,24 reviews,Filipino,(416) 615-0893,,https://s3-media0.fl.yelpcdn.com/bphoto/VWv4yoKMDpuesIzus7ywvA/l.jpg,,8:30 AM - 8:30 PM,Filipino
https://s3-media0.fl.yelpcdn.com,Perlas de Pilipinas,5 reviews,Filipino,"1970 Eglinton Avenue E Toronto, ON M1L 2M6","Toronto, ON M1L 2M6",https://s3-media0.fl.yelpcdn.com/bphoto/a4geNadWhlCa1Z21hgrjUg/l.jpg,,8:00 AM - 4:00 PM,Filipino
https://s3-media0.fl.yelpcdn.com,CASA manila Restaurant,328 reviews,Filipino,(416) 443-9654,Unit 1,https://s3-media0.fl.yelpcdn.com/bphoto/yT63B9B9dRq_fvh5eoRMlw/l.jpg,,11:30 AM - 9:30 PM,Filipino
https://s3-media0.fl.yelpcdn.com,Boodle Fight,47 reviews,Filipino,(416) 901-8460,"Toronto, ON M4J 1L8",https://s3-media0.fl.yelpcdn.com/bphoto/fYT8sygC3gmeV9F4g00qJw/l.jpg,,11:30 AM - 10:00 PM,Filipino
https://s3-media0.fl.yelpcdn.com,J & J Kapuso Filipino Restaurant,51 reviews,Filipino,(416) 288-9243,"Scarborough, ON M1P 2X8",https://s3-media0.fl.yelpcdn.com/bphoto/w6QhX6PACx6OwlxlbBcSGQ/l.jpg,,8:30 AM - 8:00 PM,Filipino
https://s3-media0.fl.yelpcdn.com,Lechon Republik,1 review,,"1 Romar Crescent Unit 2 Toronto, ON M6B 1R7",Unit 2,https://s3-media0.fl.yelpcdn.com/bphoto/y_jF-ryWHrjBxZt3lGq_Sg/l.jpg,,,Filipino
https://s3-media0.fl.yelpcdn.com,Wilson's Haus of Lechon,28 reviews,Filipino,"365 Wilson Avenue Toronto, ON M3H 1T3",,https://s3-media0.fl.yelpcdn.com/bphoto/Gb0bW7Mqqy9lgGit7et3dg/l.jpg,,,Filipino
https://s3-media0.fl.yelpcdn.com,Philippine Deli,1 review,Filipino,,,https://s3-media0.fl.yelpcdn.com/bphoto/yOmLThRID2_3Li78F6xnQg/l.jpg,,,Filipino
https://s3-media0.fl.yelpcdn.com,Mayettes,8 reviews,Filipino,(416) 463-0338,Unit A,https://s3-media0.fl.yelpcdn.com/bphoto/FeA2x0_R0aFhei0puezGWA/l.jpg,,,Filipino
https://s3-media0.fl.yelpcdn.com,Lovely Pao,11 reviews,,"756 Wilson Avenue Toronto, ON M3K 1E2","Toronto, ON M3K 1E2",https://s3-media0.fl.yelpcdn.com/bphoto/-77p4ajV3E7gKwRcafpgnA/l.jpg,,,Filipino
https://s3-media0.fl.yelpcdn.com,Bella's Lechon,16 reviews,Filipino,(416) 282-3288,"Toronto, ON M1B 0A7",https://s3-media0.fl.yelpcdn.com/bphoto/OQ_ljSNs5asXlp2i4BdMdw/l.jpg,,11:00 AM - 8:00 PM,Filipino
https://s3-media0.fl.yelpcdn.com,Ritz Restaurant,33 reviews,Filipino,"310 Donlands Avenue East York, ON M4J 3R9","East York, ON M4J 3R9",https://s3-media0.fl.yelpcdn.com/bphoto/gkDNhtPA2EGN8xwq3LQwaw/l.jpg,,8:30 AM - 2:30 PM,Filipino
https://s3-media0.fl.yelpcdn.com,Chef George Breakfast and Lunch,71 reviews,Filipino,(416) 383-0552,"Scarborough, ON M1P 2H2",https://s3-media0.fl.yelpcdn.com/bphoto/nNPMGKgOBjrHoMU3bNEHsQ/l.jpg,,,Filipino
https://s3-media0.fl.yelpcdn.com,Adobar,2 reviews,,,,https://s3-media0.fl.yelpcdn.com/bphoto/BACXKKcVoLgN9HPzL4gEKA/l.jpg,,,Filipino
https://s3-media0.fl.yelpcdn.com,Kanto by Tita Flips,9 reviews,,(416) 893-0737,"Toronto, ON M6P 1Z3",https://s3-media0.fl.yelpcdn.com/bphoto/35xYF-7Cfz9uUZop96nxUQ/l.jpg,,,Filipino
https://s3-media0.fl.yelpcdn.com,Kabalen,24 reviews,Filipino,"3778 Bathurst Street Toronto, ON M3H 3M7",,https://s3-media0.fl.yelpcdn.com/bphoto/3RC5jm59cpXKAIkT3bFz4w/l.jpg,,,Filipino
https://s3-media0.fl.yelpcdn.com,Lola's Kusina,17 reviews,Filipino,"96 Rexdale Boulevard Etobicoke, ON M9W 1N7","Etobicoke, ON M9W 1N7",https://s3-media0.fl.yelpcdn.com/bphoto/FYpSC5i8PhQvxnJBhlTaCQ/l.jpg,,11:30 AM - 7:00 PM,Filipino
https://s3-media0.fl.yelpcdn.com,Marcy Fine Foods,11 reviews,Grocery,"2064 Sheppard Ave E North York, ON M2J 5B3",,https://s3-media0.fl.yelpcdn.com/bphoto/nhmENKgoSo4j9x-mFaZ2mw/l.jpg,,,Grocery
https://s3-media0.fl.yelpcdn.com,Hang Outs,1 review,,(416) 843-9841,"Etobicoke, ON M9W 1N7",https://s3-media0.fl.yelpcdn.com/bphoto/J-J8v8YTZ-FXB_nm0EJZjA/l.jpg,,,Seafood
https://s3-media0.fl.yelpcdn.com,Tala,,,"31 Howard Street Toronto, ON M4X 1J6",,https://s3-media0.fl.yelpcdn.com/bphoto/vRBcbvLByHiUMhB-rrE_Bg/l.jpg,,,Filipino
https://s3-media0.fl.yelpcdn.com,Bangku,7 reviews,,"3028 Bathurst Street Toronto, ON M6B 3B6",,https://s3-media0.fl.yelpcdn.com/bphoto/tGI740QB0msHwKIHEuXnUA/l.jpg,,11:00 AM - 9:00 PM,Filipino
https://s3-media0.fl.yelpcdn.com,Remely's Restaurant,38 reviews,Filipino,(416) 609-9661,"Scarborough, ON M1S 5M9",https://s3-media0.fl.yelpcdn.com/bphoto/M5lPXcGEwInnTxovg-JC_A/l.jpg,,,Filipino
https://s3-media0.fl.yelpcdn.com,Mang Mar's Chicharon,4 reviews,,(416) 901-6368,"Toronto, ON M3M 2G9",https://s3-media0.fl.yelpcdn.com/bphoto/2O2nyOB8a005jpL-0FheeQ/l.jpg,,,Filipino
https://s3-media0.fl.yelpcdn.com,Summer House,15 reviews,Thai,"568 Sheppard Avenue W Toronto, ON M3H 2R9","Toronto, ON M3H 2R9",https://s3-media0.fl.yelpcdn.com/bphoto/ipeOXkiEZ3Q980czYgIsxw/l.jpg,,,Thai
https://s3-media0.fl.yelpcdn.com,Jakylynne's Filipino Food Store,4 reviews,Filipino,"3430 Sheppard Avenue E Scarborough, ON M1T 3K4","Scarborough, ON M1T 3K4",https://s3-media0.fl.yelpcdn.com/bphoto/owk7xDJeApf4InSfQ1lXNw/l.jpg,,,Filipino
https://s3-media0.fl.yelpcdn.com,Bbq Avenue,2 reviews,,"1272 Danforth Avenue Toronto, ON M4J 1M6","Toronto, ON M4J 1M6",https://s3-media0.fl.yelpcdn.com/bphoto/Z4JJpXT-VJ9PIKiPTViNEQ/l.jpg,,10:00 AM - 8:00 PM,Filipino
https://s3-media0.fl.yelpcdn.com,Laguna Bay,2 reviews,,"2300 Lawrence Avenue E Toronto, ON M1P 2K9","Toronto, ON M1P 2K9",https://s3-media0.fl.yelpcdn.com/bphoto/206HAiq0pmg4xIAGU1NMHA/l.jpg,,,Filipino
https://s3-media0.fl.yelpcdn.com,Alminz Kakanin,6 reviews,,"300 Steeles Avenue W Vaughan, ON L4J 6W9",,https://s3-media0.fl.yelpcdn.com/bphoto/lz7DjQJohcE8_1kJLXWiQA/l.jpg,,9:00 AM - 6:00 PM,Desserts
https://s3-media0.fl.yelpcdn.com,Seafood City Supermarket,4 reviews,,(909) 716-2046,Unit E1,https://s3-media0.fl.yelpcdn.com/bphoto/0jFYzJkBI_NEj0bfMncDuA/l.jpg,,8:00 AM - 9:00 PM,International Grocery
https://s3-media0.fl.yelpcdn.com,Max's Restaurant,26 reviews,Filipino,(416) 431-4960,"Scarborough, ON M1H 2A8",https://s3-media0.fl.yelpcdn.com/bphoto/9lM2Tyt4lA5tIadmr87UiA/l.jpg,,11:00 AM - 9:00 PM,Filipino
https://s3-media0.fl.yelpcdn.com,Saints Island Pies,2 reviews,,"1665 Dundas Street W Toronto, ON M6K 1V2","Toronto, ON M6K 1V2",https://s3-media0.fl.yelpcdn.com/bphoto/UuwfPHrSFr8xRxhztPuyLQ/l.jpg,,,Pizza
https://s3-media0.fl.yelpcdn.com,Robes Bar And Lounge,1 review,,"3022 Bathurst Street Toronto, ON M6B 3B6",,https://s3-media0.fl.yelpcdn.com/bphoto/_6_mGqT0SY7O843slYUupg/l.jpg,,,Filipino
https://s3-media0.fl.yelpcdn.com,FV Foods Mississaauga - Franchise,5 reviews,,(905) 270-9001,Unit 10,https://s3-media0.fl.yelpcdn.com/bphoto/hS5ualYt-qRyGDpCvMJ1Uw/l.jpg,,10:00 AM - 8:00 PM,Bakeries
https://s3-media0.fl.yelpcdn.com,Bawang,,,"1033 College St Toronto, ON M6H 1A8","Toronto, ON M6H 1A8",,,,Filipino
https://s3-media0.fl.yelpcdn.com,Max's Restaurant,144 reviews,Filipino,"1520 Steeles Avenue W Unit 121 Concord, ON L4K 3B9",Unit 121,https://s3-media0.fl.yelpcdn.com/bphoto/0rU3bpITx4KEWcsF9NrQ4Q/l.jpg,,11:00 AM - 7:00 PM,Filipino
https://s3-media0.fl.yelpcdn.com,LaPaz Batchoy Toronto,8 reviews,Fast Food,(647) 948-9806,,https://s3-media0.fl.yelpcdn.com/bphoto/nFIhWyBfAmAXD5pgChSsDg/l.jpg,,,Fast Food
https://s3-media0.fl.yelpcdn.com,Brown Sugar Delicacies,3 reviews,,"1142 The Queensway Etobicoke, ON M8Z 1P7","Etobicoke, ON M8Z 1P7",https://s3-media0.fl.yelpcdn.com/bphoto/516LR9iNAZws3Sva-XxaDw/l.jpg,,,Filipino
https://s3-media0.fl.yelpcdn.com,Pinoy Hub,7 reviews,,"Centrepoint Mall 6464 Yonge Street Toronto, ON M2M 3X4",6464 Yonge Street,https://s3-media0.fl.yelpcdn.com/bphoto/G5BY4Q-kIlabsIfM7bkAyQ/l.jpg,,10:00 AM - 9:00 PM,Food Court
https://s3-media0.fl.yelpcdn.com,Dalisay Filipino Food,6 reviews,Filipino,"800 Steeles Ave W Thornhill, ON L4J 7L2",,https://s3-media0.fl.yelpcdn.com/bphoto/nKNQ8HLCapYDYsPkfRdlDg/l.jpg,,,Filipino
https://s3-media0.fl.yelpcdn.com,Barrio Fiesta,11 reviews,Grocery,"19 Lapsley Road Scarborough, ON M1B 1K1","Scarborough, ON M1B 1K1",https://s3-media0.fl.yelpcdn.com/bphoto/Gog2lkbvqSeJPpzvooieKA/l.jpg,,,Grocery
https://s3-media0.fl.yelpcdn.com,Jesse Jr Restaurant,23 reviews,Filipino,"4415 Sheppard Ave E Scarborough, ON M1S 1V1","Scarborough, ON M1S 1V1",https://s3-media0.fl.yelpcdn.com/bphoto/NdvooUUFr_fsh0lySarHPA/l.jpg,,,Filipino
https://s3-media0.fl.yelpcdn.com,Coffee In,23 reviews,Filipino,(647) 348-7282,"Scarborough, ON M1P 2P5",https://s3-media0.fl.yelpcdn.com/bphoto/k3xN2E5lwpWoSk8_jjfZ5w/l.jpg,,8:00 AM - 9:00 PM,Filipino
https://s3-media0.fl.yelpcdn.com,Fv Foods,27 reviews,Bakeries,(416) 751-7555,"Scarborough, ON M1R 2Z4",https://s3-media0.fl.yelpcdn.com/bphoto/ClprbenwmLGwyuJemq4UhQ/l.jpg,,,Bakeries
https://s3-media0.fl.yelpcdn.com,Ftrip,11 reviews,,(416) 398-4800,,https://s3-media0.fl.yelpcdn.com/bphoto/TTOt1VY0AzNnPloEHbqOZQ/l.jpg,,9:00 AM - 9:30 PM,Filipino
https://s3-media0.fl.yelpcdn.com,B's Sizzling Kitchen,23 reviews,Filipino,(905) 232-9399,"Etobicoke, ON M8W 2B1",https://s3-media0.fl.yelpcdn.com/bphoto/-XNHQsha9pxKWVD2CyARNQ/l.jpg,,,Filipino
https://s3-media0.fl.yelpcdn.com,Jollibee,287 reviews,Fast Food,(647) 953-1100,"Scarborough, ON M1P 5B7",https://s3-media0.fl.yelpcdn.com/bphoto/F9KDGDMBVbSQef81-aa8xg/l.jpg,,7:00 AM - 11:00 PM,Fast Food
https://s3-media0.fl.yelpcdn.com,Jollibee,27 reviews,Filipino,(647) 951-2822,,https://s3-media0.fl.yelpcdn.com/bphoto/aikxSK2P3R7fiGP0oLAFog/l.jpg,,7:00 AM - 11:00 PM,Filipino
https://s3-media0.fl.yelpcdn.com,Fv Foods,17 reviews,Filipino,"280 Wilson Avenue Toronto, ON M3H 1S8",,https://s3-media0.fl.yelpcdn.com/bphoto/NhMmaRSiylW24ps73nv7qg/l.jpg,,,Filipino
https://s3-media0.fl.yelpcdn.com,Marcelina's Filipino Restaurant and Karaoke Bar,3 reviews,,(647) 350-1200,,https://s3-media0.fl.yelpcdn.com/bphoto/nyT5oxmEq__Ens02lK8lrw/l.jpg,,5:00 PM - 2:00 AM (Next day),Filipino
https://s3-media0.fl.yelpcdn.com,Chibugan Eh!,2 reviews,,(647) 989-3346,,https://s3-media0.fl.yelpcdn.com/bphoto/ximH16k0ZuQoagxecL0Wcw/l.jpg,,10:30 AM - 7:00 PM,Filipino
https://s3-media0.fl.yelpcdn.com,Pampanguena Bakery,5 reviews,Bakeries,(416) 784-3312,,,,,Bakeries
https://s3-media0.fl.yelpcdn.com,Kuya Willie's Kainan,7 reviews,Filipino,"80 Ellesmere Road Suite 4 Toronto, ON M1R 4C2",Suite 4,https://s3-media0.fl.yelpcdn.com/bphoto/k3kyZ2Ddtd-FulfDydMksg/l.jpg,,,Filipino
https://s3-media0.fl.yelpcdn.com,Cusina Lounge,25 reviews,Filipino,"288 Wilson Avenue Toronto, ON M3H 1S8",,https://s3-media0.fl.yelpcdn.com/bphoto/2-QFA5mQEEuaJLpTVNL4SQ/l.jpg,,11:00 AM - 2:00 PM,Filipino
https://s3-media0.fl.yelpcdn.com,Jer's Filicanasian Restaurant,,,"1481 Eglinton Avenue W Toronto, ON M6E 2G6",,https://s3-media0.fl.yelpcdn.com/bphoto/VlpWSaYJ4dJTo2P1dEFWQw/l.jpg,,8:00 AM - 8:00 PM,Filipino
https://s3-media0.fl.yelpcdn.com,Saucy Plate,2 reviews,,(647) 347-3888,Unit 14A,https://s3-media0.fl.yelpcdn.com/bphoto/0mL02790S3FSjTco_eFu_Q/l.jpg,,10:00 AM - 8:00 PM,Asian Fusion
https://s3-media0.fl.yelpcdn.com,Bistro Manila,12 reviews,Filipino,(416) 609-9880,"Toronto, ON M1S 3G9",https://s3-media0.fl.yelpcdn.com/bphoto/IQEfWAdO4J9JxMA9b0hOtA/l.jpg,,,Filipino
https://s3-media0.fl.yelpcdn.com,Philippine Island Cuisine,2 reviews,,"1071 Danforth Road unit 2 Toronto, ON M1J 2C7",unit 2,https://s3-media0.fl.yelpcdn.com/bphoto/dLLXvg88r00NWblhvcQzoQ/l.jpg,,,Filipino
https://s3-media0.fl.yelpcdn.com,Starhaze By Boy Lechon Bar and Restaurant,,,(647) 807-1170,North York,https://s3-media0.fl.yelpcdn.com/bphoto/IiNkAhK9-4IZSuEX2Ffr2w/l.jpg,,"6:30 AM - 10:30 AM, 6:30 PM - 1:00 AM (Next day)",Bars
https://s3-media0.fl.yelpcdn.com,Jollytops,10 reviews,Filipino,(416) 633-9233,,https://s3-media0.fl.yelpcdn.com/bphoto/P64MnE_8nLVUvsA10meQ5Q/l.jpg,,9:00 AM - 5:00 PM,Filipino
https://s3-media0.fl.yelpcdn.com,Senyorita Filipino Streetfoods,,,"748 Wilson Avenue Toronto, ON M3K 1E2","Toronto, ON M3K 1E2",https://s3-media0.fl.yelpcdn.com/bphoto/0MtOErZjLSMDbly70QPtzQ/l.jpg,,,Filipino
https://s3-media0.fl.yelpcdn.com,Baon Filipino Takeout,,,(416) 546-6566,"Toronto, ON M6C 1A3",,,9:00 AM - 8:30 PM,Filipino
https://s3-media0.fl.yelpcdn.com,Tagpuan,1 review,,(416) 267-0893,Unit 101A,https://s3-media0.fl.yelpcdn.com/bphoto/7eIPgSsEXlwKAJFHi4al4Q/l.jpg,,8:30 AM - 8:30 PM,Filipino
https://s3-media0.fl.yelpcdn.com,Barrio Fiesta - The Original,8 reviews,,(647) 346-5706,,https://s3-media0.fl.yelpcdn.com/bphoto/VFDjgazLhKAlpzZLqqU76A/l.jpg,,11:00 AM - 9:00 PM,Filipino
https://s3-media0.fl.yelpcdn.com,J's Bar & Restaurant,1 review,,(416) 667-1218,Unit 10,https://s3-media0.fl.yelpcdn.com/bphoto/oQeHMisS6pSuR5CNzs1xWQ/l.jpg,,10:00 AM - 2:00 AM (Next day),Caribbean
https://s3-media0.fl.yelpcdn.com,Mami's Philippine Cuisine,11 reviews,Fast Food,,"Toronto, ON M1S 1V2",https://s3-media0.fl.yelpcdn.com/bphoto/HME-Rl8dq9947QEyFzL3Zw/l.jpg,,,Fast Food
https://s3-media0.fl.yelpcdn.com,Palma's Continental Cuisine,2 reviews,,"445 Midwest Road Toronto, ON M1P 4Y9","Toronto, ON M1P 4Y9",,,,Filipino
https://s3-media0.fl.yelpcdn.com,Jesse Jr,6 reviews,Filipino,(416) 701-9353,"Scarborough, ON M1P 2K7",https://s3-media0.fl.yelpcdn.com/bphoto/_yEeer_pMnXKibquYMSp2w/l.jpg,,,Filipino
https://s3-media0.fl.yelpcdn.com,Jollibee,,,(289) 514-2071,"Scarborough, ON M1L 2L9",https://s3-media0.fl.yelpcdn.com/bphoto/Qm3ISfXhO1oVbmw1bZUgiQ/l.jpg,,9:00 AM - 9:00 PM,Burgers
https://s3-media0.fl.yelpcdn.com,MB The Place To Be,1 review,,(416) 795-8985,,https://s3-media0.fl.yelpcdn.com/bphoto/91Fe97Xj4gLIzq6y6rKlOw/l.jpg,,,Filipino
https://s3-media0.fl.yelpcdn.com,So GoodAh,,,"356 Wilson Avenue Toronto, ON M3H 1S9",,https://s3-media0.fl.yelpcdn.com/bphoto/E3QGHml2u6JxwL24MNHujQ/l.jpg,,8:00 AM - 10:00 PM,Filipino
https://s3-media0.fl.yelpcdn.com,Jollibee,1 review,,(647) 424-4764,Suite 164A & 159,https://s3-media0.fl.yelpcdn.com/bphoto/cCNXSMFQwwQkdGXtBCC9CA/l.jpg,,9:00 AM - 10:00 PM,Chicken Shop
https://s3-media0.fl.yelpcdn.com,,,,,,,,,
https://s3-media0.fl.yelpcdn.com,Jollibee,26 reviews,,(289) 514-1810,,https://s3-media0.fl.yelpcdn.com/bphoto/h_azolJeNHva18a17STLKw/l.jpg,,10:00 AM - 9:00 PM,Fast Food
https://s3-media0.fl.yelpcdn.com,Fiestahan,1 review,,,,,,,Filipino
https://s3-media0.fl.yelpcdn.com,Arsenio's Kitchen,2 reviews,,"640 Danforth Road Toronto, ON M1K 1G2","Toronto, ON M1K 1G2",https://s3-media0.fl.yelpcdn.com/bphoto/51Ha7YFOV1uh_Fgnh73PPw/l.jpg,,11:00 AM - 8:00 PM,Filipino
https://s3-media0.fl.yelpcdn.com,Ponsha-An Resto Bar & Grill - Toronto,1 review,,"1708 Eglinton Ave W Toronto, ON M6E 2H5",,,,11:00 AM - 8:00 PM,Filipino
https://s3-media0.fl.yelpcdn.com,CASA Manila,,,(416) 443-9654,Unit 1,,,11:30 AM - 8:30 PM,Filipino
https://s3-media0.fl.yelpcdn.com,Filipino Caribbean Restaurant,,,"420 Dawes Road East York, ON M4B 2E8",,,,,Caribbean
https://s3-media0.fl.yelpcdn.com,Jollibee,,,(289) 514-1810,Unit E267,https://s3-media0.fl.yelpcdn.com/bphoto/TnhcFoNRctDaxojWxxbxdw/l.jpg,,10:00 AM - 8:00 PM,Chicken Shop
https://s3-media0.fl.yelpcdn.com,Jollibee,1 review,,(647) 424-5680,"Scarborough, ON M1P 4P5",https://s3-media0.fl.yelpcdn.com/bphoto/aZGBIiz5SUZ-TcpXsbaUBw/l.jpg,,11:00 AM - 7:00 PM,Filipino
https://s3-media0.fl.yelpcdn.com,jace pinoy 2,2 reviews,,"4465 Sheppard Ave E Unit 51 Toronto, ON M1S 5H9",Unit 51,https://s3-media0.fl.yelpcdn.com/bphoto/4fgt7olMLZ5q9fTdqV7qFA/l.jpg,,,Filipino
https://s3-media0.fl.yelpcdn.com,Taste Good Lechon,,,(416) 299-0188,"Scarborough, ON M1S 2B7",https://s3-media0.fl.yelpcdn.com/bphoto/mU6v6dlTxRWV-x_CfILmhw/l.jpg,,10:00 AM - 8:30 PM,Filipino
https://s3-media0.fl.yelpcdn.com,Prestige By Night,5 reviews,Dance Clubs,"4544 Dufferin Street Toronto, ON M3H 3S5",,https://s3-media0.fl.yelpcdn.com/bphoto/OCywwiqodkzDecjJLvRr2Q/l.jpg,,,Dance Clubs
https://s3-media0.fl.yelpcdn.com,Amianan Restaurant,,,(647) 341-4440,,https://s3-media0.fl.yelpcdn.com/bphoto/1LOoU0BhbYRdT-Qh_z5F4A/l.jpg,,9:00 AM - 9:00 PM,Filipino
https://s3-media0.fl.yelpcdn.com,Papa Ed's BBQ,,,,,,,11:00 AM - 12:00 AM (Next day),Filipino
