Links,Name,Reviews,Foodtype,Phone number,Address,images,rating,Locationhours,category
https://s3-media0.fl.yelpcdn.com,,,,,,,,,
https://s3-media0.fl.yelpcdn.com,Captain John Donlands Fish and Chips,18 reviews,,(416) 422-3474,"Toronto, ON M4J 3S2",https://s3-media0.fl.yelpcdn.com/bphoto/0ZbDlQ3fO4Wsz88CdFrBYQ/l.jpg,,,Seafood
https://s3-media0.fl.yelpcdn.com,My Place Fish & Chips,58 reviews,Fish & Chips,"2577 Victoria Park Avenue Toronto, ON M1T","Toronto, ON M1T",https://s3-media0.fl.yelpcdn.com/bphoto/vIrofyhnzqCWwwyuVBx6Hw/l.jpg,,11:00 AM - 8:00 PM,Fish & Chips
https://s3-media0.fl.yelpcdn.com,Mermaid Fish and Grill House,48 reviews,Seafood,(416) 546-9158,"Toronto, ON M4T 1M9",https://s3-media0.fl.yelpcdn.com/bphoto/KkfjY-QUw73ZmhOHoASp3A/l.jpg,,11:00 AM - 9:00 PM,Seafood
https://s3-media0.fl.yelpcdn.com,Reliable Fish & Chips,52 reviews,Fish & Chips,"954 Queen Street E Toronto, ON M4M 1J7","Toronto, ON M4M 1J7",https://s3-media0.fl.yelpcdn.com/bphoto/9jfp0nRECxe2Iy8RFvVZlw/l.jpg,,11:00 AM - 7:30 PM,Fish & Chips
https://s3-media0.fl.yelpcdn.com,Hooky's Fish and Chips,36 reviews,Fish & Chips,(416) 866-7474,"Toronto, ON M6J 1G5",https://s3-media0.fl.yelpcdn.com/bphoto/8ujqJhUNPlWWSJdReQJsjQ/l.jpg,,12:00 PM - 9:00 PM,Fish & Chips
https://s3-media0.fl.yelpcdn.com,Len Duckworth Fish & Chips,62 reviews,Seafood,(416) 699-5865,"Toronto, ON M4C 1L7",https://s3-media0.fl.yelpcdn.com/bphoto/uxh8GCfWPlAuQCIZ5CGe7g/l.jpg,,11:00 AM - 8:00 PM,Seafood
https://s3-media0.fl.yelpcdn.com,Fresco's Fish & Chips,358 reviews,Fish & Chips,(416) 546-4557,"Toronto, ON M5T 2L4",https://s3-media0.fl.yelpcdn.com/bphoto/eR3lw7ZeGkWjJ0Bm0eWOfA/l.jpg,,11:00 AM - 8:00 PM,Fish & Chips
https://s3-media0.fl.yelpcdn.com,The Chicken Cartel,2 reviews,,(437) 229-8795,"Mississauga, ON L4W 1C8",https://s3-media0.fl.yelpcdn.com/bphoto/ydRD0svsxsn7Ctwh37IYFQ/l.jpg,,,Chicken Shop
https://s3-media0.fl.yelpcdn.com,The Olde Yorke,264 reviews,Seafood,(416) 696-9670,,https://s3-media0.fl.yelpcdn.com/bphoto/hhahpr6PVuaArFiCotTqEw/l.jpg,,11:45 AM - 8:00 PM,Seafood
https://s3-media0.fl.yelpcdn.com,St. Louise Bar & Grill,,,(437) 889-0368,"Toronto, ON M5T 1L1",https://s3-media0.fl.yelpcdn.com/bphoto/T2g3TPZOtyFuaaCwgDbmzQ/l.jpg,,4:00 PM - 9:00 PM,Sports Bars
https://s3-media0.fl.yelpcdn.com,Sea Witch Fish and Chips,122 reviews,Fish & Chips,(647) 349-4824,,https://s3-media0.fl.yelpcdn.com/bphoto/wNA8RXdBcDB84ASGBNY1WQ/l.jpg,,4:00 PM - 8:00 PM,Fish & Chips
https://s3-media0.fl.yelpcdn.com,Ocean Halibut Fish & Chips,3 reviews,,(416) 519-9713,,https://s3-media0.fl.yelpcdn.com/bphoto/FxVPpTHeDtWg2gajw6LXCg/l.jpg,,11:00 AM - 7:00 PM,Breakfast & Brunch
https://s3-media0.fl.yelpcdn.com,Harbour Fish and Chips,31 reviews,Fish & Chips,"3034 Don Mills Road Toronto, ON M2J 3C1",,https://s3-media0.fl.yelpcdn.com/bphoto/XpePaRLnWtHAiKY-9H4g_g/l.jpg,,11:00 AM - 8:00 PM,Fish & Chips
https://s3-media0.fl.yelpcdn.com,Halibut House Fish & Chips,14 reviews,Fish & Chips,(416) 901-7997,"Toronto, ON M6N 1K5",https://s3-media0.fl.yelpcdn.com/bphoto/INL_WlYwhNWVQNd0RNZ0ug/l.jpg,,10:00 AM - 8:00 PM,Fish & Chips
https://s3-media0.fl.yelpcdn.com,High Street Fish and Chips,57 reviews,Fish & Chips,(416) 510-8905,,https://s3-media0.fl.yelpcdn.com/bphoto/sv9tuMppoEOKx0AfWwXtaA/l.jpg,,,Fish & Chips
https://s3-media0.fl.yelpcdn.com,McCowan Fish & Chips,51 reviews,Seafood,"623 McCowan Road Scarborough, ON M1J 1K2","Scarborough, ON M1J 1K2",https://s3-media0.fl.yelpcdn.com/bphoto/MOlWc6CXe2TEB-xz4xZJUg/l.jpg,,10:00 AM - 7:00 PM,Seafood
https://s3-media0.fl.yelpcdn.com,Fishinn,4 reviews,,(416) 604-4888,"Toronto, ON M6S 1P5",https://s3-media0.fl.yelpcdn.com/bphoto/dY7_KwoWz6RRt3k53flHRQ/l.jpg,,11:00 AM - 8:00 PM,Seafood
https://s3-media0.fl.yelpcdn.com,Lighthouse 971,2 reviews,,"971 Kingston Rd Toronto, ON M4E 1S8","Toronto, ON M4E 1S8",https://s3-media0.fl.yelpcdn.com/bphoto/OvA4GJOH7_Hpa5Ux54PlvQ/l.jpg,,,Comfort Food
https://s3-media0.fl.yelpcdn.com,Panera Bread,56 reviews,Sandwiches,(416) 384-1116,,https://s3-media0.fl.yelpcdn.com/bphoto/seM6_Zb5YVxNMkjRPxczyA/l.jpg,,6:30 AM - 9:30 PM,Sandwiches
https://s3-media0.fl.yelpcdn.com,Super Chicken,2 reviews,,"4716 Yonge Street Toronto, ON M2N 5M4",,https://s3-media0.fl.yelpcdn.com/bphoto/g2Lc3Zq4isnzcWpo-4kuIQ/l.jpg,,11:30 AM - 10:00 PM,Chicken Shop
https://s3-media0.fl.yelpcdn.com,Halibut House Fish and Chips,22 reviews,,(905) 889-8484,,https://s3-media0.fl.yelpcdn.com/bphoto/nwwPO7XmChmjhS8rWlyERQ/l.jpg,,11:00 AM - 8:00 PM,Fish & Chips
https://s3-media0.fl.yelpcdn.com,Jollibee,7 reviews,,"334 Yonge Street Toronto, ON M5B 1R8","Toronto, ON M5B 1R8",https://s3-media0.fl.yelpcdn.com/bphoto/EqaiJ3oweGUoWqqVhWFItg/l.jpg,,,Filipino
https://s3-media0.fl.yelpcdn.com,St Andrews Fish & Chips,43 reviews,Seafood,(416) 431-6574,"Scarborough, ON M1P 2Y3",https://s3-media0.fl.yelpcdn.com/bphoto/0rK_K8ofF8PQslWJ-DtRdw/l.jpg,,,Seafood
https://s3-media0.fl.yelpcdn.com,Harbord Fish & Chips,64 reviews,Seafood,(416) 925-2225,,https://s3-media0.fl.yelpcdn.com/bphoto/kxL7S2lOTHaVrlCZCjZlUw/l.jpg,,11:30 AM - 9:00 PM,Seafood
https://s3-media0.fl.yelpcdn.com,Country Fish & Chips,25 reviews,Seafood,"293 Lakeshore Road East Mississauga, ON L5G 1H3","Mississauga, ON L5G 1H3",https://s3-media0.fl.yelpcdn.com/bphoto/gRr4YjAHURhWrh6JFIJo_w/l.jpg,,,Seafood
https://s3-media0.fl.yelpcdn.com,John's Fish & Chips,17 reviews,Seafood,(416) 231-3474,"Etobicoke, ON M9A 1C2",https://s3-media0.fl.yelpcdn.com/bphoto/7ID1CoSHFf_2BcYif-8XUA/l.jpg,,,Seafood
https://s3-media0.fl.yelpcdn.com,Coast By MDP,1 review,,,"Toronto, ON M4P 1G7",https://s3-media0.fl.yelpcdn.com/bphoto/fURo2NrssdVRMTTQrB_zGQ/l.jpg,,,Seafood
https://s3-media0.fl.yelpcdn.com,Halibut House,19 reviews,Fish & Chips,(416) 551-2283,"Etobicoke, ON M8V 1H7",https://s3-media0.fl.yelpcdn.com/bphoto/qGrltXoUn8m6UhxLt_E4bA/l.jpg,,8:00 AM - 9:00 PM,Fish & Chips
https://s3-media0.fl.yelpcdn.com,Viking Fish & Chips,26 reviews,Seafood,(416) 259-2051,"Etobicoke, ON M8V 1C4",https://s3-media0.fl.yelpcdn.com/bphoto/xv459zOp1NqcHPWpwjI3VQ/l.jpg,,,Seafood
https://s3-media0.fl.yelpcdn.com,King Of Fish N Chips,30 reviews,Seafood,"7694 Islington Avenue Vaughan, ON L4L 1W3",,https://s3-media0.fl.yelpcdn.com/bphoto/ZtSo42ZE96sgg-eWo7nL_A/l.jpg,,11:00 AM - 7:30 PM,Seafood
https://s3-media0.fl.yelpcdn.com,Duckworth's Fish & Chips,34 reviews,Fish & Chips,"2282 Kingston Road Scarborough, ON M1N 1T9","Scarborough, ON M1N 1T9",https://s3-media0.fl.yelpcdn.com/bphoto/y90FU6H50vi57lc1W9oztQ/l.jpg,,11:00 AM - 7:30 PM,Fish & Chips
https://s3-media0.fl.yelpcdn.com,Pastucci's,30 reviews,Italian,(647) 350-5683,Ground Floor,https://s3-media0.fl.yelpcdn.com/bphoto/Mdkt_S9vNMiZtlareaqJzw/l.jpg,,11:00 AM - 9:00 PM,Italian
https://s3-media0.fl.yelpcdn.com,Fisherman's Corner Fish and Chips,28 reviews,Seafood,(416) 787-3929,,https://s3-media0.fl.yelpcdn.com/bphoto/2bWseMex7PYZoaqXBIMUog/l.jpg,,11:00 AM - 7:00 PM,Seafood
https://s3-media0.fl.yelpcdn.com,Off The Hook Fishbar,147 reviews,Fish & Chips,(416) 465-4356,"Toronto, ON M4K 2P6",https://s3-media0.fl.yelpcdn.com/bphoto/vcPRRHw-kobz5TVDQJEpwg/l.jpg,,4:00 PM - 9:00 PM,Fish & Chips
https://s3-media0.fl.yelpcdn.com,B&B Fish And Chips,31 reviews,Fast Food,"1116 Queen Street E Toronto, ON M4M 1K8","Toronto, ON M4M 1K8",https://s3-media0.fl.yelpcdn.com/bphoto/ui4uVokJvf-JZnUqPm6hcQ/l.jpg,,11:00 AM - 8:00 PM,Fast Food
https://s3-media0.fl.yelpcdn.com,City Fried Chicken,18 reviews,Fish & Chips,"2665 Lawrence Avenue E Toronto, ON M1P 2S2","Toronto, ON M1P 2S2",https://s3-media0.fl.yelpcdn.com/bphoto/gGuPj0ktJeuZIs1LDkUekA/l.jpg,,11:00 AM - 11:00 PM,Fish & Chips
https://s3-media0.fl.yelpcdn.com,Fish Joy,4 reviews,Fish & Chips,"1179 Brimley Road Scarborough, ON M1P 3G5","Scarborough, ON M1P 3G5",https://s3-media0.fl.yelpcdn.com/bphoto/iDbphBZsTmNPH56t9xAPOw/l.jpg,,8:00 AM - 7:00 PM,Fish & Chips
https://s3-media0.fl.yelpcdn.com,Halibut House Fish and Chips,22 reviews,Fish & Chips,(416) 691-8889,"Scarborough, ON M4C",https://s3-media0.fl.yelpcdn.com/bphoto/cWSwJiM4vhNc3H8nnYj0UA/l.jpg,,8:00 AM - 9:00 PM,Fish & Chips
