Links,Name,Reviews,Foodtype,Phone number,Address,images,rating,Locationhours,category
https://s3-media0.fl.yelpcdn.com,Oh Canada Eh? Dinner Show,29 reviews,Canadian (New),(800) 467-2071,,https://s3-media0.fl.yelpcdn.com/bphoto/9CgJfobEDPOld1WifCqgeQ/l.jpg,,9:00 AM - 8:00 PM,Canadian (New)
https://s3-media0.fl.yelpcdn.com,DOVA,12 reviews,,(416) 901-3501,,https://s3-media0.fl.yelpcdn.com/bphoto/uQ5Gfj1RGPNqMwDbrELSjg/l.jpg,,,Italian
https://s3-media0.fl.yelpcdn.com,Medieval Times Toronto,174 reviews,Dinner Theater,(888) 935-6878,,https://s3-media0.fl.yelpcdn.com/bphoto/wnHwftY30iiN9nU7YOac3g/l.jpg,,,Dinner Theater
https://s3-media0.fl.yelpcdn.com,Rogue Kitchen & Bar,3 reviews,,(647) 614-9989,,https://s3-media0.fl.yelpcdn.com/bphoto/iyuGazfJbRH275D96UVm4g/l.jpg,,,Cocktail Bars
https://s3-media0.fl.yelpcdn.com,Dave & Buster's,240 reviews,American (Traditional),(905) 760-7600,"Vaughan, ON L4K 5C3",https://s3-media0.fl.yelpcdn.com/bphoto/cryjoF_Dfy9uoqpAfNPwNw/l.jpg,,12:00 PM - 10:00 PM,American (Traditional)
https://s3-media0.fl.yelpcdn.com,The Medley,1 review,,(416) 551-5756,"Toronto, ON M4S 1Z9",https://s3-media0.fl.yelpcdn.com/bphoto/u9mZQXBDyuhFbvts0OyzJA/l.jpg,,,Dinner Theater
https://s3-media0.fl.yelpcdn.com,Mysteriously Yours Dinner Theatre,41 reviews,Dinner Theater,(416) 486-7469,"Toronto, ON M5G 1Z4",https://s3-media0.fl.yelpcdn.com/bphoto/67Zk3y38ktakjiO6l-NZLw/l.jpg,,,Dinner Theater
