Links,Name,Reviews,Foodtype,Phone number,Address,images,rating,Locationhours,category
https://s3-media0.fl.yelpcdn.com,Dave’s Genuine,5 reviews,,(416) 587-3694,,https://s3-media0.fl.yelpcdn.com/bphoto/VaH2BKOGgLtbFITNe38AoA/l.jpg,,,Delis
https://s3-media0.fl.yelpcdn.com,Scollard Variety & Deli,29 reviews,Diners,"105 Scollard Street Toronto, ON M5R 1G4","Toronto, ON M5R 1G4",https://s3-media0.fl.yelpcdn.com/bphoto/-nxBBKykovhGvi2Ee6BO4A/l.jpg,,7:30 AM - 5:00 PM,Diners
https://s3-media0.fl.yelpcdn.com,Lambo's Deli & Grocery,21 reviews,,(416) 703-3688,"Toronto, ON M6J 2P4",https://s3-media0.fl.yelpcdn.com/bphoto/wig9eRsvoqmDZY1r4eWyWA/l.jpg,,11:00 AM - 7:00 PM,Delis
https://s3-media0.fl.yelpcdn.com,Centre Street Deli,124 reviews,Delis,(905) 731-8037,,https://s3-media0.fl.yelpcdn.com/bphoto/Gh4lSnbxuIgEKl7TgJoXig/l.jpg,,7:00 AM - 7:30 PM,Delis
https://s3-media0.fl.yelpcdn.com,Avenue Open Kitchen,120 reviews,Diners,(416) 504-7131,,https://s3-media0.fl.yelpcdn.com/bphoto/IfD7yhDN9nonUP6-HWkLfQ/l.jpg,,7:00 AM - 4:00 PM,Diners
https://s3-media0.fl.yelpcdn.com,Schmaltz Appetizing,62 reviews,Delis,(647) 350-4261,"Toronto, ON M5R 1V9",https://s3-media0.fl.yelpcdn.com/bphoto/BJ5djL98Hx4Zzam06i9qbg/l.jpg,,8:00 AM - 7:00 PM,Delis
https://s3-media0.fl.yelpcdn.com,Wolfie's,44 reviews,Delis,(416) 638-9653,,https://s3-media0.fl.yelpcdn.com/bphoto/iDOCIr0tYJA9mGF7G5zlMQ/l.jpg,,9:00 AM - 3:00 PM,Delis
https://s3-media0.fl.yelpcdn.com,Elm Street Italian Deli,18 reviews,,,"Toronto, ON M5G 1H1",https://s3-media0.fl.yelpcdn.com/bphoto/9GWh44udN4R0XtEzyhfNhg/l.jpg,,,Delis
https://s3-media0.fl.yelpcdn.com,Pancer's Original Deli,75 reviews,Delis,(416) 636-1230,,https://s3-media0.fl.yelpcdn.com/bphoto/0auNoQe-PyEC8ct3sOHMxQ/l.jpg,,10:00 AM - 8:00 PM,Delis
https://s3-media0.fl.yelpcdn.com,Panera Bread,56 reviews,Sandwiches,(416) 384-1116,,https://s3-media0.fl.yelpcdn.com/bphoto/seM6_Zb5YVxNMkjRPxczyA/l.jpg,,6:30 AM - 9:30 PM,Sandwiches
https://s3-media0.fl.yelpcdn.com,Pita Land,,,(647) 748-1933,,https://s3-media0.fl.yelpcdn.com/bphoto/Y-KwpDN0maV5q_jIbJ2gvg/l.jpg,,10:00 AM - 9:00 PM,Middle Eastern
https://s3-media0.fl.yelpcdn.com,Scheffler's Delicatessen,26 reviews,Delis,"93 Front St E Toronto, ON M5E 1C3","Toronto, ON M5E 1C3",https://s3-media0.fl.yelpcdn.com/bphoto/p-iIDa5e27ORC5R5dE6aZQ/l.jpg,,,Delis
https://s3-media0.fl.yelpcdn.com,Shopsy's Deli & Restaurants,38 reviews,Caterers,(416) 365-3354,"Toronto, ON M5H 2A3",https://s3-media0.fl.yelpcdn.com/bphoto/8yRLwE8UQ1m0cs96HLGQWQ/l.jpg,,8:00 AM - 9:00 PM,Caterers
https://s3-media0.fl.yelpcdn.com,St James Town Steak & Chops,33 reviews,Meat Shops,(416) 925-7665,"Toronto, ON M4X 1P4",https://s3-media0.fl.yelpcdn.com/bphoto/lF6RiJsGyJX67ybLGD_8ig/l.jpg,,10:00 AM - 7:00 PM,Meat Shops
https://s3-media0.fl.yelpcdn.com,Flora’s Deli,5 reviews,,"1276 Dundas St W Toronto, ON M6J 1X7","Toronto, ON M6J 1X7",https://s3-media0.fl.yelpcdn.com/bphoto/GcyJ2SaDCUAY1q04D3Ymtw/l.jpg,,,Delis
https://s3-media0.fl.yelpcdn.com,Ontario Fresh & Tasty,4 reviews,Delis,(416) 234-8063,"Toronto, ON M8Z 2S6",https://s3-media0.fl.yelpcdn.com/bphoto/SMzajdrcjVsvJXk652ZivA/l.jpg,,9:30 AM - 8:00 PM,Delis
https://s3-media0.fl.yelpcdn.com,Vienna Fine Foods,14 reviews,Delis,(416) 759-4481,"Scarborough, ON M1K 1S4",https://s3-media0.fl.yelpcdn.com/bphoto/M9bV62-hWBCtjmzFk7C1yg/l.jpg,,,Delis
https://s3-media0.fl.yelpcdn.com,The New Yorker Deli,67 reviews,Delis,"1140 Bay Street Toronto, ON M5S 2B4","Toronto, ON M5S 2B4",https://s3-media0.fl.yelpcdn.com/bphoto/y8yf_shQS2WQ6fvpVejmDw/l.jpg,,7:30 AM - 8:00 PM,Delis
https://s3-media0.fl.yelpcdn.com,Druxy's Famous Deli,4 reviews,,(416) 366-9797,Commerce Court,https://s3-media0.fl.yelpcdn.com/bphoto/Geyv7EoipKdK0b3QyIBDzA/l.jpg,,6:30 AM - 5:00 PM,Delis
https://s3-media0.fl.yelpcdn.com,Salwaa Shawarma,,,(647) 849-3637,Ste B,https://s3-media0.fl.yelpcdn.com/bphoto/UT1TkkAJf-XVvGEjJqZNGQ/l.jpg,,11:00 AM - 9:00 PM,Middle Eastern
https://s3-media0.fl.yelpcdn.com,Village Meat Products & Deli,7 reviews,Delis,"415 Roncesvalles Ave Toronto, ON M6R 2N1","Toronto, ON M6R 2N1",https://s3-media0.fl.yelpcdn.com/bphoto/EXmk4shaLmRPb3Zc6keVDA/l.jpg,,,Delis
https://s3-media0.fl.yelpcdn.com,The Corned Beef House,17 reviews,Delis,(905) 265-8989,Unit 19,https://s3-media0.fl.yelpcdn.com/bphoto/XI5B4JrNiBpTy2ZxD_sLkQ/l.jpg,,11:00 AM - 4:00 PM,Delis
https://s3-media0.fl.yelpcdn.com,St Clair Delicatessen,2 reviews,,"748 St Clair Avenue W Toronto, ON M6C 1B5",,,,,Delis
https://s3-media0.fl.yelpcdn.com,Jody's Deli,28 reviews,Delis,(416) 698-3354,"Toronto, ON M4L 1S4",https://s3-media0.fl.yelpcdn.com/bphoto/vDyUpyDajdtdmwNyyhMwPA/l.jpg,,,Delis
https://s3-media0.fl.yelpcdn.com,Grand Cru Deli,10 reviews,,(416) 551-9221,"Toronto, ON M5V 1X2",https://s3-media0.fl.yelpcdn.com/bphoto/yXMfS7YjQNT2zO9SawvtgQ/l.jpg,,11:00 AM - 11:00 PM,Wine Bars
https://s3-media0.fl.yelpcdn.com,Druxy's Famous Deli,1 review,,(416) 928-6668,Unit C10,https://s3-media0.fl.yelpcdn.com/bphoto/TSc-WGu1cCPOpEhTqeUhWg/l.jpg,,7:00 AM - 5:00 PM,Delis
https://s3-media0.fl.yelpcdn.com,Jaspers Deli,8 reviews,Delis,"55 University Avenue Toronto, ON M5J 2H7","Toronto, ON M5J 2H7",https://s3-media0.fl.yelpcdn.com/bphoto/c3obEt9WU3glSwjpiZ__fw/l.jpg,,,Delis
https://s3-media0.fl.yelpcdn.com,Jody's Deli,25 reviews,Delis,"777 Warden Avenue Toronto, ON M1L 4C3","Toronto, ON M1L 4C3",https://s3-media0.fl.yelpcdn.com/bphoto/foG_sQIQxOQw-7agra9GPw/l.jpg,,,Delis
https://s3-media0.fl.yelpcdn.com,Zelden's Deli and Desserts,31 reviews,Delicatessen,(647) 347-3474,"Toronto, ON M4T 1Y5",https://s3-media0.fl.yelpcdn.com/bphoto/YiytxChjs3YCayYX_Ddifw/l.jpg,,9:00 AM - 9:00 PM,Delicatessen
https://s3-media0.fl.yelpcdn.com,Mak Delicatessens,11 reviews,Delis,(416) 444-0719,,https://s3-media0.fl.yelpcdn.com/bphoto/3VLuGDHYWepbB0zdbT3qnw/l.jpg,,10:00 AM - 7:00 PM,Delis
https://s3-media0.fl.yelpcdn.com,Polka European Deli,4 reviews,Delis,"3482 Avenue Lawrence E Scarborough, ON M1H 3E5","Scarborough, ON M1H 3E5",https://s3-media0.fl.yelpcdn.com/bphoto/mO_Q48xNWzkQ--k9neI3eg/l.jpg,,,Delis
https://s3-media0.fl.yelpcdn.com,East York Deli,2 reviews,,"903 Coxwell Ave Toronto, ON M4C 2T9","Toronto, ON M4C 2T9",https://s3-media0.fl.yelpcdn.com/bphoto/RuJtTHpAkdDCiWn2JGAxoA/l.jpg,,,Delis
https://s3-media0.fl.yelpcdn.com,Benna's Bakery & Deli,21 reviews,Delis,"135 Roncesvalles Avenue Toronto, ON M6R 2L2","Toronto, ON M6R 2L2",https://s3-media0.fl.yelpcdn.com/bphoto/pUVZmE0H9o_FDEAsOfg5Vg/l.jpg,,9:00 AM - 8:00 PM,Delis
https://s3-media0.fl.yelpcdn.com,Blue Danube Sausage House,17 reviews,Delis,(905) 624-9311,"Mississauga, ON L4X 2G1",https://s3-media0.fl.yelpcdn.com/bphoto/stG1ws1N5WKOjlNlb4J-NQ/l.jpg,,,Delis
https://s3-media0.fl.yelpcdn.com,Marcello's Market & Deli,8 reviews,Buffets,(647) 348-8865,"Toronto, ON M5H 1P9",https://s3-media0.fl.yelpcdn.com/bphoto/4ZG-ooRnCPPWQl4KOpEdww/l.jpg,,7:00 AM - 5:00 PM,Buffets
https://s3-media0.fl.yelpcdn.com,European Delight,49 reviews,Delis,(416) 365-9010,Lawrence Market,https://s3-media0.fl.yelpcdn.com/bphoto/VVOasTzA0K4vneZyp13bMw/l.jpg,,,Delis
https://s3-media0.fl.yelpcdn.com,C Market,3 reviews,,"1006 Avenue Pape East York, ON M4K 3V9","East York, ON M4K 3V9",https://s3-media0.fl.yelpcdn.com/bphoto/mZ9L-nUoAxR19ls2i6aSyw/l.jpg,,,Delis
https://s3-media0.fl.yelpcdn.com,Pavao Meat's & Deli,11 reviews,Meat Shops,(416) 533-7667,"Toronto, ON M6J 1Y7",https://s3-media0.fl.yelpcdn.com/bphoto/dSNGsMQFEd4H2D3F8W-Mnw/l.jpg,,,Meat Shops
https://s3-media0.fl.yelpcdn.com,Colangelo Brothers Food Market,7 reviews,Fruits & Veggies,(416) 293-7856,"Scarborough, ON M1S 1R1",https://s3-media0.fl.yelpcdn.com/bphoto/haDNRgaLNH3VWcw2uFullA/l.jpg,,8:00 AM - 6:00 PM,Fruits & Veggies
https://s3-media0.fl.yelpcdn.com,Venezia Bakery,92 reviews,Bakeries,(416) 537-2914,"Toronto, ON M6J 2Z4",https://s3-media0.fl.yelpcdn.com/bphoto/JjrY-g9qQQ_gEpxaUnQAkw/l.jpg,,6:00 AM - 8:30 PM,Bakeries
https://s3-media0.fl.yelpcdn.com,Oak Park Deli,20 reviews,Delis,(416) 424-3354,"East York, ON M4C 4N2",https://s3-media0.fl.yelpcdn.com/bphoto/qlk4g8BNa5gQb3gi-Cd8jg/l.jpg,,10:00 AM - 8:00 PM,Delis
https://s3-media0.fl.yelpcdn.com,Karlovo,2 reviews,,(416) 421-5207,"East York, ON M4J 2N6",https://s3-media0.fl.yelpcdn.com/bphoto/9aBepcySPaHQGpI2MEozlw/l.jpg,,10:00 AM - 7:00 PM,Delis
https://s3-media0.fl.yelpcdn.com,Druxy's Famous Deli,11 reviews,Delis,(416) 367-3904,"Toronto, ON M5C 1R5",https://s3-media0.fl.yelpcdn.com/bphoto/WuzpuDO6dt_uw1D3t043SA/l.jpg,,7:00 AM - 6:00 PM,Delis
https://s3-media0.fl.yelpcdn.com,Zakopane Deli,4 reviews,Delis,"3061 Lake Shore Boulevard W Etobicoke, ON M8V 1K6","Etobicoke, ON M8V 1K6",https://s3-media0.fl.yelpcdn.com/bphoto/RnsYp6RqSvb0aTIukCw33w/l.jpg,,,Delis
https://s3-media0.fl.yelpcdn.com,Rock’n Deli,19 reviews,,(416) 792-3354,,https://s3-media0.fl.yelpcdn.com/bphoto/xp66FsorHg0I5jZrF-iciA/l.jpg,,9:00 AM - 9:00 PM,Delis
https://s3-media0.fl.yelpcdn.com,Druxy's Famous Deli,1 review,,(416) 597-9620,Toronto Rehabilitation Institute,https://s3-media0.fl.yelpcdn.com/bphoto/p7WdvThIwVb4I5ZVcZLMWQ/l.jpg,,7:00 AM - 5:00 PM,Delis
https://s3-media0.fl.yelpcdn.com,Boccone Deli & Pizza,23 reviews,Delis,(416) 960-1500,"Toronto, ON M4T 1Y5",https://s3-media0.fl.yelpcdn.com/bphoto/a6HtitV1uwLJB5gEjN7lgA/l.jpg,,9:00 AM - 5:00 PM,Delis
https://s3-media0.fl.yelpcdn.com,Pumpernickel's,24 reviews,Delis,(416) 863-9880,2nd Floor Foodcourt,https://s3-media0.fl.yelpcdn.com/bphoto/RwAhrE_TR-rxeQB94i2xOA/l.jpg,,7:30 AM - 5:30 PM,Delis
https://s3-media0.fl.yelpcdn.com,Druxy's Famous Deli,1 review,,(416) 598-8822,"Toronto, ON M5G 1S6",https://s3-media0.fl.yelpcdn.com/bphoto/oozv95ZuuuDQm-nSjFZyeQ/l.jpg,,7:00 AM - 6:00 PM,Delis
https://s3-media0.fl.yelpcdn.com,,,,,,,,,
https://s3-media0.fl.yelpcdn.com,North Hill Meat and Deli,1 review,,"3453 Av Victoria Park Scarborough, ON M1W 2S6","Scarborough, ON M1W 2S6",https://s3-media0.fl.yelpcdn.com/bphoto/kodKOdlbOmrPQhUnd-3BtQ/l.jpg,,,Delis
https://s3-media0.fl.yelpcdn.com,JJ's Cafe & Deli,7 reviews,,"1881 Yonge St Toronto, ON M4S 1Z3","Toronto, ON M4S 1Z3",https://s3-media0.fl.yelpcdn.com/bphoto/_ibLP2L9xhoqhQUdwfcMxg/l.jpg,,,Delis
https://s3-media0.fl.yelpcdn.com,George's Deli & BBQ,35 reviews,Delis,"254 Dundas St E Toronto, ON M5A 1Z6",,https://s3-media0.fl.yelpcdn.com/bphoto/lEilQ5FkBrs3WKkzB6-pfg/l.jpg,,,Delis
https://s3-media0.fl.yelpcdn.com,Solmaz Food,5 reviews,Delis,(416) 252-1300,"Toronto, ON M8Z 2G9",https://s3-media0.fl.yelpcdn.com/bphoto/IlONP78BKKsCTQ8jBfwa9g/l.jpg,,9:00 AM - 7:00 PM,Delis
https://s3-media0.fl.yelpcdn.com,Kmicic Polish Delicatessen,2 reviews,,"209 Ellesmere Road Scarborough, ON M1R 4E2","Scarborough, ON M1R 4E2",,,,Delis
https://s3-media0.fl.yelpcdn.com,Kiva's  Bagel Bar,21 reviews,,(416) 607-5858,"Toronto, ON M5H 3A9",https://s3-media0.fl.yelpcdn.com/bphoto/XbK4Z4NwGuxvX5XPSksL3w/l.jpg,,7:00 AM - 4:00 PM,Delis
https://s3-media0.fl.yelpcdn.com,Jodys Sundays & Deli,5 reviews,Delis,(647) 748-3354,"Toronto, ON M1L 4C3",https://s3-media0.fl.yelpcdn.com/bphoto/F9hUMFGnNnEo-b6nilLtQg/l.jpg,,,Delis
https://s3-media0.fl.yelpcdn.com,Bread & Butter,39 reviews,German,(416) 488-0036,"Toronto, ON M4S 2L9",https://s3-media0.fl.yelpcdn.com/bphoto/_nDggNCR-Ct-O5LXHZ_wcg/l.jpg,,9:00 AM - 8:00 PM,German
https://s3-media0.fl.yelpcdn.com,Druxy's Famous Deli,1 review,Delis,(416) 968-7858,Colonia Place,https://s3-media0.fl.yelpcdn.com/bphoto/lPLhV4_tL6IBNo0q5bHG6g/l.jpg,,7:00 AM - 5:00 PM,Delis
https://s3-media0.fl.yelpcdn.com,Drom Taberna,46 reviews,,(647) 748-2099,"Toronto, ON M5V 2B4",https://s3-media0.fl.yelpcdn.com/bphoto/ZZyMB2UGXcNX2gkoEh7g4g/l.jpg,,11:00 AM - 2:00 AM (Next day),Polish
https://s3-media0.fl.yelpcdn.com,Cafe Victoria,6 reviews,Delis,,"Toronto, ON M5C 2A1",https://s3-media0.fl.yelpcdn.com/bphoto/t-_mXULY0nQ9WMilPzW96Q/l.jpg,,,Delis
https://s3-media0.fl.yelpcdn.com,Angela's Deli,3 reviews,Delis,(905) 482-0165,,https://s3-media0.fl.yelpcdn.com/bphoto/imu_ByzxJlqN7Ccr_iVRgQ/l.jpg,,9:00 AM - 9:00 PM,Delis
https://s3-media0.fl.yelpcdn.com,Kings' Deli Cafe,6 reviews,Delis,"465 King St E Toronto, ON M5A 1L6","Toronto, ON M5A 1L6",https://s3-media0.fl.yelpcdn.com/bphoto/DxKPmIGwlv_KXHJ50TXPYw/l.jpg,,,Delis
https://s3-media0.fl.yelpcdn.com,Druxy's Famous Deli,5 reviews,Sandwiches,(416) 977-4554,"Toronto, ON M5G 1E2",https://s3-media0.fl.yelpcdn.com/bphoto/f872GyNNsLfIELGAd1aKEg/l.jpg,,7:00 AM - 5:00 PM,Sandwiches
https://s3-media0.fl.yelpcdn.com,Fresh City,3 reviews,,(416) 792-3939,"Toronto, ON M5G 1Z4",https://s3-media0.fl.yelpcdn.com/bphoto/9Tc3J9qVVm8Tnkfvnw_p9Q/l.jpg,,8:00 AM - 8:00 PM,Organic Stores
https://s3-media0.fl.yelpcdn.com,Marcello's Market & Deli,18 reviews,Delis,"145 King St W Toronto, ON M5H 1J8","Toronto, ON M5H 1J8",https://s3-media0.fl.yelpcdn.com/bphoto/FWqdxoPXEtk7vPpW0xj31w/l.jpg,,,Delis
https://s3-media0.fl.yelpcdn.com,Pumpernickel's Deli,6 reviews,Delis,(416) 597-2279,"Toronto, ON M5V 3K2",https://s3-media0.fl.yelpcdn.com/bphoto/OjSdnqgc1BzbhCHWNV_0sw/l.jpg,,,Delis
https://s3-media0.fl.yelpcdn.com,Angel's Bakery & Deli,1 review,,"296 Rogers Rd York, ON M6E 1R3",,https://s3-media0.fl.yelpcdn.com/bphoto/slIXz94QOcruR7fxAnesYQ/l.jpg,,7:30 AM - 8:00 PM,Delis
https://s3-media0.fl.yelpcdn.com,Melt Grilled Cheese,40 reviews,Delis,(647) 350-7699,"Toronto, ON M5V 1X2",https://s3-media0.fl.yelpcdn.com/bphoto/snwiYu-FmhkYAs9ZHNW4cQ/l.jpg,,11:00 AM - 4:00 PM,Delis
https://s3-media0.fl.yelpcdn.com,Joanne's Deli,2 reviews,,"234 Eglinton Ave E Toronto, ON M4P 1K8","Toronto, ON M4P 1K8",,,,Delis
https://s3-media0.fl.yelpcdn.com,Fit For Life,39 reviews,Sandwiches,(416) 482-0615,"Toronto, ON M4P 1A6",https://s3-media0.fl.yelpcdn.com/bphoto/ZYzMowOqcXHYEToP8N9wuw/l.jpg,,,Sandwiches
https://s3-media0.fl.yelpcdn.com,Druxy's Famous Deli,8 reviews,Delis,(416) 603-9408,Toronto Western Hospital,https://s3-media0.fl.yelpcdn.com/bphoto/GKWbk9FIzg9ofQrQjK0OKA/l.jpg,,6:00 AM - 9:00 PM,Delis
https://s3-media0.fl.yelpcdn.com,May's Deli,5 reviews,Delis,"181 University Avenue Toronto, ON M5H 3M7","Toronto, ON M5H 3M7",https://s3-media0.fl.yelpcdn.com/bphoto/n9x8XbNCRz_A3bsMvRfnrg/l.jpg,,,Delis
https://s3-media0.fl.yelpcdn.com,Pumpernickel's,6 reviews,Delis,(647) 347-0068,Suite 101,https://s3-media0.fl.yelpcdn.com/bphoto/3oFLSagErshRml65dr0nng/l.jpg,,,Delis
https://s3-media0.fl.yelpcdn.com,Royal Bakery,3 reviews,,"1263 Weston Rd Toronto, ON M6M 4P9",,https://s3-media0.fl.yelpcdn.com/bphoto/9m63K2ON9fYSgVT4vUdnXg/l.jpg,,,Delis
https://s3-media0.fl.yelpcdn.com,Pun Deli,,,"120 Adelaide Street W Toronto, ON M5H 1T1","Toronto, ON M5H 1T1",,,,Delis
https://s3-media0.fl.yelpcdn.com,Gryf Delicatessen,1 review,,"96 Rexdale Boulevard Etobicoke, ON M9W 1N7","Etobicoke, ON M9W 1N7",https://s3-media0.fl.yelpcdn.com/bphoto/s3z5v6LDHUQ_yJVt_at3Dg/l.jpg,,,Delis
https://s3-media0.fl.yelpcdn.com,Druxy's Famous Deli,3 reviews,Delis,(416) 487-3700,T Wing,https://s3-media0.fl.yelpcdn.com/bphoto/VXzGVAmSVWhsijuL1N4aHQ/l.jpg,,6:30 AM - 6:30 PM,Delis
https://s3-media0.fl.yelpcdn.com,Jinglepear Deli,1 review,,(647) 333-8346,"Toronto, ON M4L 2R4",https://s3-media0.fl.yelpcdn.com/bphoto/C0qJ123eeZI_476zhy8Gmg/l.jpg,,,Cheese Shops
https://s3-media0.fl.yelpcdn.com,Olliffe Summerhill,9 reviews,Butcher,(416) 928-0296,"Toronto, ON M4W 2L7",https://s3-media0.fl.yelpcdn.com/bphoto/CJv5-fEuMyrKvZgvhtCoug/l.jpg,,8:30 AM - 7:00 PM,Butcher
https://s3-media0.fl.yelpcdn.com,Firehouse Subs,8 reviews,,(416) 901-9989,Unit 103,https://s3-media0.fl.yelpcdn.com/bphoto/pJp_sukE3LhHHVcf1Q3hYg/l.jpg,,11:00 AM - 9:00 PM,Sandwiches
https://s3-media0.fl.yelpcdn.com,Fusion Coffee and Deli,1 review,,"1849 Yonge Street Toronto, ON M4S 1Y2","Toronto, ON M4S 1Y2",,,,Delis
https://s3-media0.fl.yelpcdn.com,The Market By Longo's,1 review,,(416) 921-6108,Imperial Plaza,https://s3-media0.fl.yelpcdn.com/bphoto/SSKQre8k9XH6GG4kL2QYCA/l.jpg,,7:00 AM - 10:00 PM,Bakeries
https://s3-media0.fl.yelpcdn.com,Rock’N Deli,3 reviews,,(416) 762-4757,,https://s3-media0.fl.yelpcdn.com/bphoto/9lwaAUsTtlSDy2Ft1jHJnQ/l.jpg,,11:30 AM - 6:00 PM,Delis
https://s3-media0.fl.yelpcdn.com,Firehouse Subs,25 reviews,,(416) 622-8282,"Etobicoke, ON M9C 1A7",https://s3-media0.fl.yelpcdn.com/bphoto/0xKWzZUZtu4wpu4nCdpDbQ/l.jpg,,11:00 AM - 9:00 PM,Sandwiches
https://s3-media0.fl.yelpcdn.com,The Prague,,,,"Toronto, ON M6J 1E4",,,,Modern European
https://s3-media0.fl.yelpcdn.com,Marcello's Market & Deli,7 reviews,Delis,(416) 214-2917,Scotia plaza Food Court,https://s3-media0.fl.yelpcdn.com/bphoto/iJM5d3IfEJbLV73kP9_Y5Q/l.jpg,,6:00 AM - 4:00 PM,Delis
https://s3-media0.fl.yelpcdn.com,Mary's Place,,,(416) 759-6330,,https://s3-media0.fl.yelpcdn.com/bphoto/JaSDdnvk4xPNyPrch_JIhw/l.jpg,,11:00 AM - 3:00 PM,Italian
https://s3-media0.fl.yelpcdn.com,Family Meat & Deli,1 review,,"675 The Queensway Etobicoke, ON M8Y 1K8","Etobicoke, ON M8Y 1K8",,,,Delis
https://s3-media0.fl.yelpcdn.com,La Spesa Food Market & Specialties,2 reviews,,(416) 651-9117,,https://s3-media0.fl.yelpcdn.com/bphoto/7BgTUHyAxpIR1daO-H5Caw/l.jpg,,,Specialty Food
https://s3-media0.fl.yelpcdn.com,Slovenija Meat Delicatessen,2 reviews,,"2409 Dundas Street W Toronto, ON M6P 1X3","Toronto, ON M6P 1X3",,,,Delis
https://s3-media0.fl.yelpcdn.com,Olly Fresco's,34 reviews,Salad,(416) 203-0444,200 Bay Street,https://s3-media0.fl.yelpcdn.com/bphoto/-jjFX1O9LQIzHF6tcDohMg/l.jpg,,,Salad
https://s3-media0.fl.yelpcdn.com,Steelcase Grill House & Deli,5 reviews,,(905) 474-9333,102,https://s3-media0.fl.yelpcdn.com/bphoto/nZAnBtX8L6sxafJYBdZIFA/l.jpg,,7:30 AM - 3:00 PM,Delis
https://s3-media0.fl.yelpcdn.com,White House Meats,3 reviews,,"2978 Bloor St W Etobicoke, ON M8X 1B9","Etobicoke, ON M8X 1B9",https://s3-media0.fl.yelpcdn.com/bphoto/PwEiTkkN_5Rzr-jpKJgzWw/l.jpg,,,Delis
https://s3-media0.fl.yelpcdn.com,Duncan Deli,,,"69 Duncan Street Toronto, ON M5V 2C5","Toronto, ON M5V 2C5",,,,Caterers
https://s3-media0.fl.yelpcdn.com,Druxy's Famous Deli,1 review,,(647) 818-3725,"Toronto, ON M5S 2C6",https://s3-media0.fl.yelpcdn.com/bphoto/c6CsG82P6hS_UJx6_aW0wg/l.jpg,,9:00 AM - 5:00 PM,Sandwiches
https://s3-media0.fl.yelpcdn.com,Firehouse Subs,4 reviews,,(647) 748-3473,Unit 6,https://s3-media0.fl.yelpcdn.com/bphoto/GPdyMIcw2GsNcTVY12hV2g/l.jpg,,11:00 AM - 9:00 PM,Sandwiches
https://s3-media0.fl.yelpcdn.com,Druxy's Famous Deli,,,(416) 486-2500,,https://s3-media0.fl.yelpcdn.com/bphoto/qTjbtzqT3IRIb4qmLbiE0Q/l.jpg,,9:00 AM - 5:00 PM,Breakfast & Brunch
https://s3-media0.fl.yelpcdn.com,Kourosh Super Market,1 review,,(647) 342-7777,Unit 2,https://s3-media0.fl.yelpcdn.com/bphoto/j5cKy2plSNvjaGZdJ-ICig/l.jpg,,Open 24 hours,Persian/Iranian
https://s3-media0.fl.yelpcdn.com,Family Meat & Deli,2 reviews,,"278 Browns Line Etobicoke, ON M8W 3T5","Etobicoke, ON M8W 3T5",https://s3-media0.fl.yelpcdn.com/bphoto/AJWlif_DzSPgwknKnGrMcw/l.jpg,,,Delis
https://s3-media0.fl.yelpcdn.com,Urban X-Cafe,,,"77 Bloor St W Toronto, ON M5S 1M2","Toronto, ON M5S 1M2",,,,Delis
https://s3-media0.fl.yelpcdn.com,Hungarian Honey Bear Delicatessen,6 reviews,,(416) 733-0022,"North York, ON M2N 3A8",https://s3-media0.fl.yelpcdn.com/bphoto/i1fNwSX304qQFQvUu9IvoQ/l.jpg,,,Delis
https://s3-media0.fl.yelpcdn.com,Vatra Deli,1 review,,(647) 748-1900,"Toronto, ON M9B 1L3",,,10:00 AM - 8:00 PM,Ukrainian
https://s3-media0.fl.yelpcdn.com,Olivia's Deli & Convenience,1 review,,"2076 Sherobee Road Suite 2 Mississauga, ON L5A 1A3",Suite 2,https://s3-media0.fl.yelpcdn.com/bphoto/j61LJ1ZvSy7Ud4IuYIqNJw/l.jpg,,,Convenience Stores
https://s3-media0.fl.yelpcdn.com,Skymark Deli,3 reviews,Caterers,"2630 Skymark Avenue Mississauga, ON L4W 5A4",,,,,Caterers
https://s3-media0.fl.yelpcdn.com,Pioneer Deli,2 reviews,,"747 Don Mills Rd North York, ON M3C 1T2",,,,10:00 AM - 6:00 PM,Delis
https://s3-media0.fl.yelpcdn.com,Nortown Foods,9 reviews,Delis,(416) 789-2921,,,,,Delis
https://s3-media0.fl.yelpcdn.com,Mason's Fine Food,,,(416) 551-4825,"Toronto, ON M4S 2N3",,,,Delis
https://s3-media0.fl.yelpcdn.com,Druxy's Famous Deli,9 reviews,Delis,(416) 306-1954,"Toronto, ON M5H 3Y2",https://s3-media0.fl.yelpcdn.com/bphoto/BK7uRv-SUKujFjP4Cqv6Pg/l.jpg,,7:00 AM - 5:00 PM,Delis
https://s3-media0.fl.yelpcdn.com,Pumpernickel's Deli,4 reviews,Delis,(416) 222-2631,,https://s3-media0.fl.yelpcdn.com/bphoto/viofKb7-XK4ws7rIw-xT2Q/l.jpg,,,Delis
https://s3-media0.fl.yelpcdn.com,Batory Delicatessen,,,"131 Roncesvalles Ave Toronto, ON M6R 2L2","Toronto, ON M6R 2L2",,,,Delis
https://s3-media0.fl.yelpcdn.com,Druxy's Famous Deli,4 reviews,Delis,(416) 591-9333,"Toronto, ON M5G 2C8",https://s3-media0.fl.yelpcdn.com/bphoto/nMUoTF07yEqPlxMsIEhJ_A/l.jpg,,6:30 AM - 6:00 PM,Delis
https://s3-media0.fl.yelpcdn.com,Pumpernickel's,13 reviews,Delis,(416) 214-1307,"Unit 63A, Concourse Level",https://s3-media0.fl.yelpcdn.com/bphoto/7hQGcsrBmI_ZGFgoeCHhEg/l.jpg,,,Delis
https://s3-media0.fl.yelpcdn.com,Ideal Deli & Pita,,,"105 Victoria Street Toronto, ON M5C 3B4","Toronto, ON M5C 3B4",,,,Delis
https://s3-media0.fl.yelpcdn.com,Semolina Bakery & Fine Foods,1 review,,"188 Ossington Ave Toronto, ON M6J 2Z7","Toronto, ON M6J 2Z7",,,,Delis
https://s3-media0.fl.yelpcdn.com,Country Style Kosher Deli,2 reviews,,"4700 Keele Street Founders College floor 1 Toronto, ON M3J 1P3",Founders College floor 1,https://s3-media0.fl.yelpcdn.com/bphoto/T7ffwePykBMSWzHEe2etpw/l.jpg,,9:00 AM - 3:00 PM,Mediterranean
https://s3-media0.fl.yelpcdn.com,Vita's Deli,,,"1702 Danforth Ave Toronto, ON M4C 1H8","Toronto, ON M4C 1H8",,,,Delis
https://s3-media0.fl.yelpcdn.com,Mr J's Deli On The Beach,4 reviews,,,,https://s3-media0.fl.yelpcdn.com/bphoto/H_EyZzrT6DZnQs2pTilxMw/l.jpg,,,Food Trucks
https://s3-media0.fl.yelpcdn.com,Druxy's Famous Deli,,,(416) 512-0675,York Mills Centre,https://s3-media0.fl.yelpcdn.com/bphoto/p2tyDfmxTT4HaoKktpKYow/l.jpg,,6:00 AM - 6:00 PM,Delis
https://s3-media0.fl.yelpcdn.com,Nova European Delicatessen,,,"3600 Langstaff Road Woodbridge, ON L4L 9E7","Woodbridge, ON L4L 9E7",https://s3-media0.fl.yelpcdn.com/bphoto/XL-TsD4EREz6id1QRta2eg/l.jpg,,,Delis
https://s3-media0.fl.yelpcdn.com,Fake Deli,,,"99 Harbour Square Toronto, ON M5J 2S6","Toronto, ON M5J 2S6",,,,Delis
https://s3-media0.fl.yelpcdn.com,Bloor Cafe & Deli,,,,"Toronto, ON M6G 1M5",,,,Cafes
https://s3-media0.fl.yelpcdn.com,Firehouse Subs,6 reviews,,(647) 345-3473,Unit B,https://s3-media0.fl.yelpcdn.com/bphoto/OI0kDJ9BTMrp26LO7qXCSw/l.jpg,,11:00 AM - 9:00 PM,Sandwiches
https://s3-media0.fl.yelpcdn.com,R Bakery,6 reviews,Bakeries,(416) 749-2220,,https://s3-media0.fl.yelpcdn.com/bphoto/IBv0SO_BcnyXQapxp5DJgA/l.jpg,,6:30 AM - 9:00 PM,Bakeries
https://s3-media0.fl.yelpcdn.com,Druxy's Famous Deli,1 review,,(416) 499-2229,"Toronto, ON M2K 1E3",https://s3-media0.fl.yelpcdn.com/bphoto/g7HX8qkOfN8_fYd72prZ6A/l.jpg,,7:00 AM - 6:00 PM,Delis
https://s3-media0.fl.yelpcdn.com,Buns Master Bakery,3 reviews,,"853 Kipling Ave Toronto, ON M8Z 5G9","Toronto, ON M8Z 5G9",https://s3-media0.fl.yelpcdn.com/bphoto/PoQ_R3pUgfiuEvSpiuspFw/l.jpg,,,Delis
https://s3-media0.fl.yelpcdn.com,Felix's Meat & Deli,,,"93 Front St E Toronto, ON M5E 1C3","Toronto, ON M5E 1C3",,,,Delis
https://s3-media0.fl.yelpcdn.com,Czechowski J Polish Sausage,,,"935 The Queensway Etobicoke, ON M8Z 1P3","Etobicoke, ON M8Z 1P3",,,,Caterers
https://s3-media0.fl.yelpcdn.com,Bi-Bob Deli & Convenience,,,,"Mississauga, ON L5A 4C4",https://s3-media0.fl.yelpcdn.com/bphoto/pO6LqA-5Go9qRv2RJDmgrA/l.jpg,,,Convenience Stores
https://s3-media0.fl.yelpcdn.com,Deli Break,2 reviews,Delis,"37 Kodiak Cres North York, ON M3J 3E5",,https://s3-media0.fl.yelpcdn.com/bphoto/73rqupjMebaaQwJ5rsxfyg/l.jpg,,,Delis
https://s3-media0.fl.yelpcdn.com,Wisla Delicatessen,3 reviews,,"3615 Dixie Road Mississauga, ON L4Y 4H4","Mississauga, ON L4Y 4H4",,,,Delis
https://s3-media0.fl.yelpcdn.com,Fresh From Genua,,,"532 Eglinton Ave W Toronto, ON M5N 1B4",,,,,Delis
https://s3-media0.fl.yelpcdn.com,Bagel Plus,22 reviews,Bagels,"634 Sheppard Avenue W North York, ON M3H 2S1",,https://s3-media0.fl.yelpcdn.com/bphoto/cM0hhtiU1ALscpTq6kl5fw/l.jpg,,,Bagels
