Links,Name,Reviews,Foodtype,Phone number,Address,images,rating,Locationhours,category
https://s3-media0.fl.yelpcdn.com,Momo Dumpling Express,6 reviews,,(416) 255-0505,"Toronto, ON M8Y 1J2",https://s3-media0.fl.yelpcdn.com/bphoto/sWK5o538N-XBLECWEss87g/l.jpg,,,Dumplings
https://s3-media0.fl.yelpcdn.com,Nihao Dumplins,4 reviews,,,"Toronto, ON M5T 2G3",https://s3-media0.fl.yelpcdn.com/bphoto/ZwM9FLrpaq3jRiov-_u13Q/l.jpg,,10:30 AM - 9:30 PM,Dumplings
https://s3-media0.fl.yelpcdn.com,SHINYI Handmade Dumplings,4 reviews,,(647) 349-3888,"Toronto, ON M4Y 1Z9",https://s3-media0.fl.yelpcdn.com/bphoto/2i1Jj7UP7FUVT7-kARHWkA/l.jpg,,11:30 AM - 9:30 PM,Dumplings
https://s3-media0.fl.yelpcdn.com,Dumpling Dumpling,1 review,,(416) 588-3851,"Toronto, ON M6J 2Y2",https://s3-media0.fl.yelpcdn.com/bphoto/EUZgwi5jYZx0JiDJ2rOaVQ/l.jpg,,11:00 AM - 10:00 PM,Dumplings
https://s3-media0.fl.yelpcdn.com,The Daily Dumpling Wonton Co,34 reviews,,(416) 519-5008,"Toronto, ON M6G 1C6",https://s3-media0.fl.yelpcdn.com/bphoto/T1hPkgrBfyxIsfgecN683w/l.jpg,,,Dumplings
https://s3-media0.fl.yelpcdn.com,Tumi Dumpling House,8 reviews,,"2904 Dundas Street W Toronto, ON M6P 1Y8","Toronto, ON M6P 1Y8",https://s3-media0.fl.yelpcdn.com/bphoto/IhRksq_6nHeKI_qsoHF2AQ/l.jpg,,,Dumplings
https://s3-media0.fl.yelpcdn.com,The MoMo House,29 reviews,,(416) 588-8887,"Toronto, ON M6K 1L9",https://s3-media0.fl.yelpcdn.com/bphoto/Qnaa4FpOIAZnfueE-e8lhA/l.jpg,,11:00 AM - 10:00 PM,Dumplings
https://s3-media0.fl.yelpcdn.com,NARU Izakaya,5 reviews,,(647) 748-8988,"Toronto, ON M5B 2A1",https://s3-media0.fl.yelpcdn.com/bphoto/Nv3prF_dgLX7IzkvMoK2EQ/l.jpg,,"12:00 PM - 3:00 PM, 5:00 PM - 9:00 PM",Japanese
https://s3-media0.fl.yelpcdn.com,Juicy Dumpling,16 reviews,,"2150 Yonge street Toronto, ON M4S 2A8",,https://s3-media0.fl.yelpcdn.com/bphoto/B5K5wEY9Gpa-buXqNua2Gg/l.jpg,,,Dumplings
https://s3-media0.fl.yelpcdn.com,Juicy Dumpling,511 reviews,Dim Sum,(647) 352-5678,Unit M-N,https://s3-media0.fl.yelpcdn.com/bphoto/kPmTA4qqy-1slmnEYXdngw/l.jpg,,11:00 AM - 9:00 PM,Dim Sum
https://s3-media0.fl.yelpcdn.com,Yummy Yummy Dumplings,266 reviews,Chinese,"79 Huron Street Toronto, ON M5T 2A8","Toronto, ON M5T 2A8",https://s3-media0.fl.yelpcdn.com/bphoto/ckqksxvVYO536NDuNWrn6Q/l.jpg,,11:00 AM - 10:00 PM,Chinese
https://s3-media0.fl.yelpcdn.com,Fishman Lobster Clubhouse Restaurant,931 reviews,Chinese,(647) 849-3885,"Toronto, ON M1S 3T6",https://cf-images.us-east-1.prod.boltdns.net/v1/static/6057277741001/e3297eee-2f76-4ec3-8f09-4ba1b30403d7/47a7dd69-d027-45af-9fd3-a9ef576e40a2/1280x720/match/image.jpg,,11:00 AM - 11:00 PM,Chinese
https://s3-media0.fl.yelpcdn.com,Mean Bao,1 review,,(416) 792-1788,,https://s3-media0.fl.yelpcdn.com/bphoto/vdlw48hg_bw6glwdgVLFfw/l.jpg,,,Chinese
https://s3-media0.fl.yelpcdn.com,Hong Wang Takeout,1 review,,"108 Corporate Drive Suite 27 Toronto, ON M1H 3J1",Suite 27,https://s3-media0.fl.yelpcdn.com/bphoto/WSuZ0kFPHaMBHU1zrs566Q/l.jpg,,11:00 AM - 10:00 PM,Dumplings
https://s3-media0.fl.yelpcdn.com,Enkang Dumpling,8 reviews,,(647) 849-3238,Food Court,https://s3-media0.fl.yelpcdn.com/bphoto/nrNyASrknxUwzY-vT6T3_g/l.jpg,,11:00 AM - 9:00 PM,Chinese
https://s3-media0.fl.yelpcdn.com,Little Tibet  Restaurant,22 reviews,,(416) 532-9728,"Toronto, ON M6R 1A1",https://s3-media0.fl.yelpcdn.com/bphoto/caX3NEAdgjTbHvcBedk3ww/l.jpg,,11:00 AM - 10:00 PM,Himalayan/Nepalese
https://s3-media0.fl.yelpcdn.com,Goobok,6 reviews,,"7181 Yonge Street Unit 245 Markham, ON L3T 0C7",Unit 245,https://s3-media0.fl.yelpcdn.com/bphoto/FxBZO5uC2o9_mx_EqK-m1Q/l.jpg,,11:00 AM - 8:00 PM,Korean
https://s3-media0.fl.yelpcdn.com,Yonge Dumpling,,,"15 Northtown Way Unit 28 Toronto, ON M2N 7A2",Unit 28,https://s3-media0.fl.yelpcdn.com/bphoto/p60KrAto6v2l47_fIvRANg/l.jpg,,,Dumplings
https://s3-media0.fl.yelpcdn.com,Dumpling Restaurant,100 reviews,Korean,(416) 293-8321,"Scarborough, ON M1S 1T9",https://s3-media0.fl.yelpcdn.com/bphoto/TKv6ytd0whNW8FQy5Hepkw/l.jpg,,11:00 AM - 10:00 PM,Korean
https://s3-media0.fl.yelpcdn.com,Dumpling & More,25 reviews,Chinese,(647) 348-3168,"Toronto, ON M5T 1G7",https://s3-media0.fl.yelpcdn.com/bphoto/K_V4VDsoSg4frZ5iQDiM_Q/l.jpg,,11:30 AM - 10:00 PM,Chinese
https://s3-media0.fl.yelpcdn.com,Thai Room Grand,7 reviews,,(416) 481-7000,"Toronto, ON M4R 1B2",https://s3-media0.fl.yelpcdn.com/bphoto/f5LFC9MJ0nWYX0qWGUwOsg/l.jpg,,11:00 AM - 11:00 PM,Thai
https://s3-media0.fl.yelpcdn.com,Suhan Dumplings,7 reviews,,(416) 993-6270,,https://s3-media0.fl.yelpcdn.com/bphoto/K66G9cWJwRKuMzOw7oL2kQ/l.jpg,,11:00 AM - 9:00 PM,Korean
https://s3-media0.fl.yelpcdn.com,Yu Seafood,4 reviews,,(416) 613-3618,Unit 601 A,https://s3-media0.fl.yelpcdn.com/bphoto/jYZUOY1Or-KBbdFusye0Kg/l.jpg,,10:00 AM - 10:00 PM,Desserts
https://s3-media0.fl.yelpcdn.com,TC Tibetan Momo,1 review,,(416) 251-7887,"Etobicoke, ON M8V 2V5",https://s3-media0.fl.yelpcdn.com/bphoto/sUvGm7WmytQH-OOkXKw72Q/l.jpg,,11:00 AM - 7:00 PM,Dumplings
https://s3-media0.fl.yelpcdn.com,Canada Pasta,,,"1571 Sandhurst Circle Unit 404 Woodside Square Food Court Scarborough, ON M1V 1V2",Unit 404,https://s3-media0.fl.yelpcdn.com/bphoto/megkdOYLVWO3xJQcZCnzKQ/l.jpg,,,Noodles
https://s3-media0.fl.yelpcdn.com,Tiny Cafe,8 reviews,,(647) 573-8262,"Toronto, ON M6R 2A2",https://s3-media0.fl.yelpcdn.com/bphoto/a9uejNsPm4tv7fQNWXqn6g/l.jpg,,,Dumplings
https://s3-media0.fl.yelpcdn.com,Lucky Rice Noodle,2 reviews,,"3636 Steeles Avenue E Unit 105F Markham, ON L3R 1K9",Unit 105F,https://s3-media0.fl.yelpcdn.com/bphoto/P16c5OvdxHefR7wYlzrfXw/l.jpg,,8:30 AM - 8:00 PM,Chinese
https://s3-media0.fl.yelpcdn.com,Planta Queen,101 reviews,Dim Sum,(647) 812-1221,"Toronto, ON M5V 3X3",https://s3-media0.fl.yelpcdn.com/bphoto/OldbzDJ5IDMbz4RwDtZCbA/l.jpg,,11:30 AM - 9:30 PM,Dim Sum
https://s3-media0.fl.yelpcdn.com,Dumplings on Queen,,,"204 Queen St West Toronto, ON M5V 1Z2","Toronto, ON M5V 1Z2",https://s3-media0.fl.yelpcdn.com/bphoto/iRavbRXVc2LafGlSRTXGtQ/l.jpg,,12:00 PM - 8:00 PM,Chinese
https://s3-media0.fl.yelpcdn.com,Beijing Hot Pot Restaurant,82 reviews,Hot Pot,"107 Parkway Forest Drive Unit 1 Toronto, ON M2J 1L8",Unit 1,https://s3-media0.fl.yelpcdn.com/bphoto/bZnjCSW7oNzhu9DYFjGaCw/l.jpg,,4:00 PM - 12:00 AM (Next day),Hot Pot
