Links,Name,Reviews,Foodtype,Phone number,Address,images,rating,Locationhours,category
https://s3-media0.fl.yelpcdn.com,The George Street Diner,132 reviews,Diners,"129 George Street Toronto, ON M5A 2M6","Toronto, ON M5A 2M6",https://s3-media0.fl.yelpcdn.com/bphoto/0027MHU9H5tRx0ujtZsnrw/l.jpg,,7:30 AM - 4:00 PM,Diners
https://s3-media0.fl.yelpcdn.com,The Lakeview,391 reviews,Diners,(416) 850-8886,"Toronto, ON M6J 1X2",https://s3-media0.fl.yelpcdn.com/bphoto/h0tfvNIbuRbJrYV9PSUMJA/l.jpg,,10:00 AM - 12:00 AM (Next day),Diners
https://s3-media0.fl.yelpcdn.com,Gale's Snack Bar,29 reviews,Diners,,"Toronto, ON M4M 1C6",https://s3-media0.fl.yelpcdn.com/bphoto/CVWmH8dUU83HlrjBcn3pBQ/l.jpg,,10:00 AM - 6:00 PM,Diners
https://s3-media0.fl.yelpcdn.com,Frankie's,176 reviews,Breakfast & Brunch,(416) 588-1936,"Toronto, ON M6J 1H1",https://s3-media0.fl.yelpcdn.com/bphoto/qjFOdNAw8Palogfj7nh_Uw/l.jpg,,7:00 AM - 11:00 PM,Breakfast & Brunch
https://s3-media0.fl.yelpcdn.com,Flo's Diner,125 reviews,Diners,(416) 961-4333,"Toronto, ON M5R 1B9",https://s3-media0.fl.yelpcdn.com/bphoto/XRSRgYm_rBJYvs8SmD45qw/l.jpg,,9:00 AM - 3:00 PM,Diners
https://s3-media0.fl.yelpcdn.com,Coach House Restaurant,99 reviews,Diners,(416) 922-5551,"Toronto, ON M4Y 1Z3",https://s3-media0.fl.yelpcdn.com/bphoto/iiPp1Vzb2VxOBp1kBxJ25g/l.jpg,,7:30 AM - 4:00 PM,Diners
https://s3-media0.fl.yelpcdn.com,Scollard Variety & Deli,29 reviews,Diners,"105 Scollard Street Toronto, ON M5R 1G4","Toronto, ON M5R 1G4",https://s3-media0.fl.yelpcdn.com/bphoto/-nxBBKykovhGvi2Ee6BO4A/l.jpg,,7:30 AM - 5:00 PM,Diners
https://s3-media0.fl.yelpcdn.com,White Lily Diner,122 reviews,Breakfast & Brunch,(416) 901-7800,"Toronto, ON M4M 1G8",https://s3-media0.fl.yelpcdn.com/bphoto/eWUptsmj0KoKjaepr_mSkQ/l.jpg,,,Breakfast & Brunch
https://s3-media0.fl.yelpcdn.com,Route 401 Diner,45 reviews,Diners,(416) 247-7836,"Toronto, ON M9W 1B2",https://s3-media0.fl.yelpcdn.com/bphoto/fzoWJacj17O7rIc7egnx6g/l.jpg,,8:00 AM - 2:00 PM,Diners
https://s3-media0.fl.yelpcdn.com,Creeds Coffee Bar,64 reviews,Cafes,(416) 479-0277,,https://s3-media0.fl.yelpcdn.com/bphoto/lvk7VoS1R-Ulux1yUZJT1A/l.jpg,,7:00 AM - 6:00 PM,Cafes
https://s3-media0.fl.yelpcdn.com,Avenue Open Kitchen,120 reviews,Diners,(416) 504-7131,,https://s3-media0.fl.yelpcdn.com/bphoto/IfD7yhDN9nonUP6-HWkLfQ/l.jpg,,7:00 AM - 4:00 PM,Diners
https://s3-media0.fl.yelpcdn.com,Tiflisi,2 reviews,,(416) 686-7389,"Toronto, ON M4L 1H8",https://s3-media0.fl.yelpcdn.com/bphoto/e1GZRITZGlF5tpvUJ-wNaA/l.jpg,,11:00 AM - 8:00 PM,Modern European
https://s3-media0.fl.yelpcdn.com,Patrician Grill,55 reviews,Diners,(416) 366-4841,"Toronto, ON M5A 1J9",https://s3-media0.fl.yelpcdn.com/bphoto/zw5cP1QQk0aCNNBrItsuiw/l.jpg,,7:00 AM - 4:00 PM,Diners
https://s3-media0.fl.yelpcdn.com,Sammy's Family Restaurant,25 reviews,Diners,"639 McCowan Road Toronto, ON M1J 1K2","Toronto, ON M1J 1K2",https://s3-media0.fl.yelpcdn.com/bphoto/RS1G71NThTIoMg56MWvQIA/l.jpg,,7:00 AM - 8:00 PM,Diners
https://s3-media0.fl.yelpcdn.com,Galaxie Diner,32 reviews,Diners,(905) 264-7244,"Woodbridge, ON L4L 5W6",https://s3-media0.fl.yelpcdn.com/bphoto/vEiFXipLjdHq5gbALMrYjQ/l.jpg,,7:00 AM - 9:00 PM,Diners
https://s3-media0.fl.yelpcdn.com,Mars Uptown,72 reviews,Diners,"2363 Yonge Street Toronto, ON M4P 2C8","Toronto, ON M4P 2C8",https://s3-media0.fl.yelpcdn.com/bphoto/64e-i3MR5lA0jOsAfLfm5w/l.jpg,,6:30 AM - 4:00 PM,Diners
https://s3-media0.fl.yelpcdn.com,Sandy's Diner,18 reviews,Breakfast & Brunch,"59 Alness Street Unit 1 Toronto, ON M3J",Unit 1,https://s3-media0.fl.yelpcdn.com/bphoto/W_4NE2_bJrmXL4eDB8CPFA/l.jpg,,7:00 AM - 4:00 PM,Breakfast & Brunch
https://s3-media0.fl.yelpcdn.com,Aloette,242 reviews,French,(416) 260-3444,1st Floor,https://s3-media0.fl.yelpcdn.com/bphoto/88RGZstg6OX0_BzMNu7bFQ/l.jpg,,11:30 AM - 9:00 PM,French
https://s3-media0.fl.yelpcdn.com,Chew Chew's Diner,95 reviews,Diners,(416) 924-7583,"Toronto, ON M5A 2K6",https://s3-media0.fl.yelpcdn.com/bphoto/zCv23gPMGUqgC9E368RQ2A/l.jpg,,8:00 AM - 8:00 PM,Diners
https://s3-media0.fl.yelpcdn.com,Panera Bread,56 reviews,Sandwiches,(416) 384-1116,,https://s3-media0.fl.yelpcdn.com/bphoto/seM6_Zb5YVxNMkjRPxczyA/l.jpg,,6:30 AM - 9:30 PM,Sandwiches
https://s3-media0.fl.yelpcdn.com,Kitchen Hub,9 reviews,,(416) 551-4500,"Toronto, ON M8Z 1P3",https://s3-media0.fl.yelpcdn.com/bphoto/qKB8pnaoCRp2YrQIbxz5qA/l.jpg,,11:30 AM - 9:30 PM,Thai
https://s3-media0.fl.yelpcdn.com,Rosedale Diner,95 reviews,Diners,(416) 923-3122,"Toronto, ON M4W 2L9",https://s3-media0.fl.yelpcdn.com/bphoto/5TOIk3BQxje9gXGXdaQrWg/l.jpg,,,Diners
https://s3-media0.fl.yelpcdn.com,Avenue Diner,19 reviews,Diners,"222 Davenport Rd Toronto, ON M5R 1J6","Toronto, ON M5R 1J6",https://s3-media0.fl.yelpcdn.com/bphoto/WjfF5v4iOhZytWe7X3t2CQ/l.jpg,,,Diners
https://s3-media0.fl.yelpcdn.com,Fran's Restaurant,358 reviews,Diners,(416) 923-9867,"Toronto, ON M5G 1K2",https://s3-media0.fl.yelpcdn.com/bphoto/mcURHXJ4ZAXFFJzwJ-EIkA/l.jpg,,Open 24 hours,Diners
https://s3-media0.fl.yelpcdn.com,The Homeway,84 reviews,Diners,"955 Mount Pleasant Rd Toronto, ON M4P 2L7","Toronto, ON M4P 2L7",https://s3-media0.fl.yelpcdn.com/bphoto/hycaAxCcuGLFLuc4NMid2A/l.jpg,,8:00 AM - 3:00 PM,Diners
https://s3-media0.fl.yelpcdn.com,Times Square Diner,41 reviews,Diners,"531 Wilson Heights Boulevard Toronto, ON M3H 2M3",,https://s3-media0.fl.yelpcdn.com/bphoto/a-ti3Rma4jTN6MmRIdOz8Q/l.jpg,,7:00 AM - 10:00 PM,Diners
https://s3-media0.fl.yelpcdn.com,Sunset Grill,55 reviews,Breakfast & Brunch,(416) 340-2755,"Toronto, ON M5V 3G7",https://s3-media0.fl.yelpcdn.com/bphoto/aSPkP4atDXcf-T4Styth9g/l.jpg,,7:00 AM - 3:00 PM,Breakfast & Brunch
https://s3-media0.fl.yelpcdn.com,Mira Mira,3 reviews,,(416) 792-6472,"Toronto, ON M4L 1H8",https://s3-media0.fl.yelpcdn.com/bphoto/X66h7h7ZjzlslJmadMfWBQ/l.jpg,,,Diners
https://s3-media0.fl.yelpcdn.com,OK OK Diner,66 reviews,Diners,(416) 461-2988,"Toronto, ON M4M 1K8",https://s3-media0.fl.yelpcdn.com/bphoto/zPhwkAn6Fzb8CSGjtyRWbQ/l.jpg,,9:00 AM - 4:00 PM,Diners
https://s3-media0.fl.yelpcdn.com,KOS Cafe and Restaurant,27 reviews,Diners,"1070 Bathurst St Toronto, ON M5R 3G9","Toronto, ON M5R 3G9",https://s3-media0.fl.yelpcdn.com/bphoto/apFRwESwZZViDERCOsAjow/l.jpg,,8:00 AM - 5:00 PM,Diners
https://s3-media0.fl.yelpcdn.com,Flaming Stove,57 reviews,Middle Eastern,(416) 644-5051,"Toronto, ON M4S 1G3",https://s3-media0.fl.yelpcdn.com/bphoto/qeALEeoYVSVVpWUGdGWXsQ/l.jpg,,10:00 AM - 10:00 PM,Middle Eastern
https://s3-media0.fl.yelpcdn.com,Smashburger,3 reviews,,(416) 776-2345,,https://s3-media0.fl.yelpcdn.com/bphoto/LU9fHmp-0CAR0fV1im2kDA/l.jpg,,12:00 PM - 8:00 PM,Burgers
https://s3-media0.fl.yelpcdn.com,Golden Diner Family Restaurant,40 reviews,Greek,"105 Carlton Street Toronto, ON M5B 1M1","Toronto, ON M5B 1M1",https://s3-media0.fl.yelpcdn.com/bphoto/36pFLXIba1WM0nkeLxT7Cg/l.jpg,,7:00 AM - 9:30 PM,Greek
https://s3-media0.fl.yelpcdn.com,Library Bar,102 reviews,Lounges,(416) 368-2511,100 Front Street W,https://s3-media0.fl.yelpcdn.com/bphoto/MW_TL-hqZmgI4NEKnEk3BQ/l.jpg,,11:30 AM - 1:00 AM (Next day),Lounges
https://s3-media0.fl.yelpcdn.com,Skyline Restaurant,67 reviews,Bars,(416) 536-3682,"Toronto, ON M6K 1L9",https://s3-media0.fl.yelpcdn.com/bphoto/hUH9fUAPhZ5hTz5-W4I_FA/l.jpg,,"11:00 AM - 4:00 PM, 5:00 PM - 12:00 AM (Next day)",Bars
https://s3-media0.fl.yelpcdn.com,Good Bite Restaurant,52 reviews,Diners,(416) 483-8432,"Toronto, ON M4P 2H6",https://s3-media0.fl.yelpcdn.com/bphoto/wSTC7w4IK6KEoVbiOPJpsA/l.jpg,,,Diners
https://s3-media0.fl.yelpcdn.com,Gingerman Restaurant,57 reviews,Canadian (New),"1104 Victoria Park Avenue Toronto, ON M4B 2K3",,https://s3-media0.fl.yelpcdn.com/bphoto/_fIyhfwTwjbMcyqIuWLl1g/l.jpg,,7:00 AM - 8:00 PM,Canadian (New)
https://s3-media0.fl.yelpcdn.com,Blast from the Past,,American (Traditional),"756 Toula Drive Toronto, ON L6E 1O9","Toronto, ON L6E 1O9",https://s3-media0.fl.yelpcdn.com/bphoto/uq4_rh4GDancIsN4DvvQNA/l.jpg,,,American (Traditional)
https://s3-media0.fl.yelpcdn.com,Vesta Lunch,51 reviews,Diners,"474 Dupont St Toronto, ON M5R 1W6",,https://s3-media0.fl.yelpcdn.com/bphoto/nx_3SmnW5OQZ6nSSAtJpAg/l.jpg,,6:00 AM - 5:30 AM (Next day),Diners
https://s3-media0.fl.yelpcdn.com,Denny's,124 reviews,Breakfast & Brunch,(416) 599-6161,"Toronto, ON M5G 1C4",https://s3-media0.fl.yelpcdn.com/bphoto/ML5UjsW0AEWeu_SK7evOGw/l.jpg,,Open 24 hours,Breakfast & Brunch
https://s3-media0.fl.yelpcdn.com,Muddy Duck Restaurant,78 reviews,Breakfast & Brunch,(905) 275-9430,,https://s3-media0.fl.yelpcdn.com/bphoto/sK6_qAJwcO-25jk-S3nc9g/l.jpg,,8:00 AM - 9:00 PM,Breakfast & Brunch
https://s3-media0.fl.yelpcdn.com,Sunset Grill,132 reviews,Diners,(416) 861-0514,"Toronto, ON M5H 3W4",https://s3-media0.fl.yelpcdn.com/bphoto/PwGvooA7WWZMWcI6LURM-Q/l.jpg,,7:00 AM - 2:30 PM,Diners
https://s3-media0.fl.yelpcdn.com,Hazel's Diner,134 reviews,Diners,"3401 Yonge Street North York, ON M4N 2M8",,https://s3-media0.fl.yelpcdn.com/bphoto/ytSHEJds_IK6CxIHOhUivg/l.jpg,,7:00 AM - 3:00 PM,Diners
https://s3-media0.fl.yelpcdn.com,Purple Onion Restaurant,51 reviews,Diners,(416) 760-8208,"Toronto, ON M6P 1Z3",https://s3-media0.fl.yelpcdn.com/bphoto/NPDC7Qb0e_ke1M5QewjIcQ/l.jpg,,8:30 AM - 11:00 PM,Diners
https://s3-media0.fl.yelpcdn.com,New Town Family Restaurant,14 reviews,Diners,"266 Coxwell Ave Toronto, ON M4L 3B6",,https://s3-media0.fl.yelpcdn.com/bphoto/OR0Rr2qI5r3DsRxpvoCUVg/l.jpg,,,Diners
https://s3-media0.fl.yelpcdn.com,Adda Bistro,6 reviews,,(647) 393-3164,"Toronto, ON M5A 1T1",https://s3-media0.fl.yelpcdn.com/bphoto/-EFNFEMKDoM1C-N5u_cigg/l.jpg,,12:00 PM - 12:00 AM (Next day),Indian
https://s3-media0.fl.yelpcdn.com,Wimpys Diner,13 reviews,Diners,(416) 445-0553,"Scarborough, ON M1R 4C4",https://s3-media0.fl.yelpcdn.com/bphoto/JGIiq5sg7fpegqX0PDJriA/l.jpg,,7:00 AM - 9:00 PM,Diners
https://s3-media0.fl.yelpcdn.com,Wimpy's Diner,57 reviews,Diners,(416) 635-7013,"North York, ON M3H 2S1",https://s3-media0.fl.yelpcdn.com/bphoto/4mkzX9J0SBilY0vXUH_MOw/l.jpg,,Open 24 hours,Diners
https://s3-media0.fl.yelpcdn.com,Heaven's Grill,14 reviews,Diners,"424 Wilson Avenue Toronto, ON M3H 1S9",,https://s3-media0.fl.yelpcdn.com/bphoto/kcjsrKZOBewvtzoIQ_7stQ/l.jpg,,,Diners
https://s3-media0.fl.yelpcdn.com,True True Diner,5 reviews,,(647) 350-3228,"Toronto, ON M5A 1J4",https://s3-media0.fl.yelpcdn.com/bphoto/gW7ZjhcNjXmPAiPfVNTo3w/l.jpg,,7:30 AM - 3:00 PM,Breakfast & Brunch
https://s3-media0.fl.yelpcdn.com,Golden Star Restaurant,181 reviews,Burgers,(905) 889-6891,,https://s3-media0.fl.yelpcdn.com/bphoto/mDu3MqCXedlvoO5gTeyCIA/l.jpg,,11:00 AM - 9:00 PM,Burgers
https://s3-media0.fl.yelpcdn.com,The Vaughan City Grill,31 reviews,Breakfast & Brunch,(905) 856-6122,Unit 4,https://s3-media0.fl.yelpcdn.com/bphoto/hspikY9X7YvbITs14le61A/l.jpg,,6:00 AM - 4:00 PM,Breakfast & Brunch
https://s3-media0.fl.yelpcdn.com,Le Swan,40 reviews,,(416) 536-4440,"Toronto, ON M6J 1G3",https://s3-media0.fl.yelpcdn.com/bphoto/zrfbZbzFsWLO9gN3XMNwHA/l.jpg,,5:00 PM - 2:00 AM (Next day),French
https://s3-media0.fl.yelpcdn.com,Super Chicken,2 reviews,,"4716 Yonge Street Toronto, ON M2N 5M4",,https://s3-media0.fl.yelpcdn.com/bphoto/g2Lc3Zq4isnzcWpo-4kuIQ/l.jpg,,11:30 AM - 10:00 PM,Chicken Shop
https://s3-media0.fl.yelpcdn.com,Sunset Grill,49 reviews,Breakfast & Brunch,(416) 967-3447,"Toronto, ON M4W 1B7",https://s3-media0.fl.yelpcdn.com/bphoto/M-Y3BxkTG0ZsDlfh5s9kXg/l.jpg,,8:00 AM - 2:00 PM,Breakfast & Brunch
https://s3-media0.fl.yelpcdn.com,Aris Place,55 reviews,Diners,"229 Roncesvalles Avenue Toronto, ON M6R 2L6","Toronto, ON M6R 2L6",https://s3-media0.fl.yelpcdn.com/bphoto/mNJxL1qBWRtUoA-9Qe5SNQ/l.jpg,,7:00 AM - 4:00 PM,Diners
https://s3-media0.fl.yelpcdn.com,Hazel's Diner,42 reviews,Diners,"523 Mount Pleasant Road Toronto, ON M4S 2M4","Toronto, ON M4S 2M4",https://s3-media0.fl.yelpcdn.com/bphoto/jJkZYuf4WAkq3WuGh0oP8g/l.jpg,,7:00 AM - 3:00 PM,Diners
https://s3-media0.fl.yelpcdn.com,Wimpy's Diner,32 reviews,Breakfast & Brunch,(905) 709-0100,,https://s3-media0.fl.yelpcdn.com/bphoto/1Jtug07Z7YDeCPXx2-XHew/l.jpg,,8:00 AM - 8:00 PM,Breakfast & Brunch
https://s3-media0.fl.yelpcdn.com,Salon Cafe,,,"162 Cumberland Street 3rd Floor Toronto, ON M5V 2L6",3rd Floor,https://s3-media0.fl.yelpcdn.com/bphoto/dpBmsHUH8_kWto7gv2qAEg/l.jpg,,,Diners
https://s3-media0.fl.yelpcdn.com,The Delray Grill,1 review,Diners,"3367 Dundas Street W Toronto, ON M6P 2A4",,https://s3-media0.fl.yelpcdn.com/bphoto/HVM4dxws0k2BrzRmKzmPAw/l.jpg,,11:00 AM - 2:00 AM (Next day),Diners
https://s3-media0.fl.yelpcdn.com,Gordo’s Diner,24 reviews,Diners,(905) 738-5003,"Vaughan, ON L4K 3Y8",https://s3-media0.fl.yelpcdn.com/bphoto/CpTY_7p6YrPFGiz0qmEvfA/l.jpg,,7:00 AM - 3:00 PM,Diners
https://s3-media0.fl.yelpcdn.com,Bluffers Park Restaurant,20 reviews,Diners,(416) 264-2337,"Scarborough, ON M1M 3W3",https://s3-media0.fl.yelpcdn.com/bphoto/WOTCHJmKFaum3PdkogQHxg/l.jpg,,11:00 AM - 10:00 PM,Diners
https://s3-media0.fl.yelpcdn.com,Sunset Grill Restaurant,34 reviews,Diners,"1602 Danforth Ave Toronto, ON M4C 1H6","Toronto, ON M4C 1H6",https://s3-media0.fl.yelpcdn.com/bphoto/CTKDtYo30_VFaHzQd-snow/l.jpg,,,Diners
https://s3-media0.fl.yelpcdn.com,Anthony's Cafe,4 reviews,Cafes,(416) 441-0990,,https://s3-media0.fl.yelpcdn.com/bphoto/O-nScLPHJIytTrCkGT_CZQ/l.jpg,,9:00 AM - 6:00 PM,Cafes
https://s3-media0.fl.yelpcdn.com,Bobby's Hideaway,20 reviews,Breakfast & Brunch,(905) 278-3688,"Mississauga, ON L5G 1H5",https://s3-media0.fl.yelpcdn.com/bphoto/9z6yS3sAV_VGWGp7WjVqZw/l.jpg,,7:00 AM - 9:00 PM,Breakfast & Brunch
https://s3-media0.fl.yelpcdn.com,Friendly House Restaurant,10 reviews,Mediterranean,,,https://s3-media0.fl.yelpcdn.com/bphoto/1zu-cq0gkfnnXow8t2kFTg/l.jpg,,,Mediterranean
https://s3-media0.fl.yelpcdn.com,Zena's Diner,2 reviews,,"2703 Av Eglinton E Scarborough, ON M1K 2S2","Scarborough, ON M1K 2S2",https://s3-media0.fl.yelpcdn.com/bphoto/g-m-uhlPGqbwjgBCBsNWdg/l.jpg,,,Diners
https://s3-media0.fl.yelpcdn.com,Sunset Grill,1 review,,(416) 751-3434,,,,7:00 AM - 3:00 PM,Breakfast & Brunch
https://s3-media0.fl.yelpcdn.com,Wimpy's Diner,27 reviews,Diners,(416) 222-7737,"North York, ON M2N 3A8",https://s3-media0.fl.yelpcdn.com/bphoto/O0g-xp6x-_F93HIwH02qUQ/l.jpg,,,Diners
https://s3-media0.fl.yelpcdn.com,Wally's Grill,24 reviews,Diners,"123 Rexdale Boulevard Etobicoke, ON M9W 1P1","Etobicoke, ON M9W 1P1",https://s3-media0.fl.yelpcdn.com/bphoto/0L_dQjFhJN5kqLPdDHaB-g/l.jpg,,6:00 AM - 9:00 PM,Diners
https://s3-media0.fl.yelpcdn.com,Red Tomato Hongkong Restaurant,,,,"Toronto, ON M5T 2G3",https://s3-media0.fl.yelpcdn.com/bphoto/Znc-SdlS3sJav0pwjtRzfQ/l.jpg,,,Diners
https://s3-media0.fl.yelpcdn.com,Grill Cottage,11 reviews,Diners,"1468 Queen Street W Toronto, ON M6K 1M3","Toronto, ON M6K 1M3",https://s3-media0.fl.yelpcdn.com/bphoto/Dz47dosccRRUON7WoweyxQ/l.jpg,,12:00 PM - 10:00 PM,Diners
https://s3-media0.fl.yelpcdn.com,Breakfast Room,21 reviews,Breakfast & Brunch,(647) 351-7890,"Toronto, ON M8Y 2R3",https://s3-media0.fl.yelpcdn.com/bphoto/2BdeFuWA9kd5pBqPPSHX3Q/l.jpg,,7:00 AM - 10:00 PM,Breakfast & Brunch
https://s3-media0.fl.yelpcdn.com,Sunnyside Pavilion Cafe,52 reviews,Diners,(416) 531-2233,,https://s3-media0.fl.yelpcdn.com/bphoto/mAess4sBgaWFmB6t4XcXcg/l.jpg,,,Diners
https://s3-media0.fl.yelpcdn.com,Peter's Place,2 reviews,Diners,"749 Broadview Avenue Toronto, ON M4K","Toronto, ON M4K",,,,Diners
https://s3-media0.fl.yelpcdn.com,Sunset Grill,31 reviews,Breakfast & Brunch,(416) 321-1600,"Scarborough, ON M1P 5B7",https://s3-media0.fl.yelpcdn.com/bphoto/2xjJRDB0x95oCBOa_LD7hw/l.jpg,,7:00 AM - 3:30 PM,Breakfast & Brunch
https://s3-media0.fl.yelpcdn.com,Pastucci's,30 reviews,Italian,(647) 350-5683,Ground Floor,https://s3-media0.fl.yelpcdn.com/bphoto/Mdkt_S9vNMiZtlareaqJzw/l.jpg,,11:00 AM - 9:00 PM,Italian
https://s3-media0.fl.yelpcdn.com,The Draft House,35 reviews,Sports Bars,(416) 962-6092,"Toronto, ON M4Y 2A6",https://s3-media0.fl.yelpcdn.com/bphoto/3ZG2E6VD2X2xqp1nVia7nw/l.jpg,,11:00 AM - 2:00 AM (Next day),Sports Bars
https://s3-media0.fl.yelpcdn.com,Sunset Grill,,,(416) 740-8405,,https://s3-media0.fl.yelpcdn.com/bphoto/cewVpisTSLGMZ3P085zzvw/l.jpg,,7:00 AM - 3:00 PM,Breakfast & Brunch
https://s3-media0.fl.yelpcdn.com,Sunset Grill,47 reviews,Diners,"2006 Queen Street E Toronto, ON M4L 1J3","Toronto, ON M4L 1J3",https://s3-media0.fl.yelpcdn.com/bphoto/4tj8h5qyALOV9yUqUH6J3Q/l.jpg,,,Diners
https://s3-media0.fl.yelpcdn.com,The Solarium Cafe Bar & Grill,7 reviews,Breakfast & Brunch,"54 Rexdale Blvd Toronto, ON M9W","Toronto, ON M9W",https://s3-media0.fl.yelpcdn.com/bphoto/_xxAdLf6jEIY1t8B_Jl9Ig/l.jpg,,,Breakfast & Brunch
https://s3-media0.fl.yelpcdn.com,Wimpy's Diner,8 reviews,Diners,(416) 261-9584,"Scarborough, ON M1K 1L6",https://s3-media0.fl.yelpcdn.com/bphoto/o0yvfqhy8Ls7w7Y0OydKpg/l.jpg,,7:00 AM - 9:00 PM,Diners
https://s3-media0.fl.yelpcdn.com,Mira Mira,,,(416) 792-6472,"Toronto, ON M4L 1H8",,,,Diners
https://s3-media0.fl.yelpcdn.com,Mera's Diner,,,,"Toronto, ON",,,,Diners
https://s3-media0.fl.yelpcdn.com,Coral Resturant,2 reviews,,"913 Alness Street Toronto, ON M3J 2J1",,,,,Russian
https://s3-media0.fl.yelpcdn.com,Shangrila Tibetan & Asian Cuisine,93 reviews,Himalayan/Nepalese,(416) 588-1100,"Toronto, ON M6R 1A8",https://s3-media0.fl.yelpcdn.com/bphoto/jLsv74rue6RgaA6x_-dgqw/l.jpg,,,Himalayan/Nepalese
https://s3-media0.fl.yelpcdn.com,Mike's Liberty Grill,17 reviews,Diners,(416) 536-4444,"Toronto, ON M6K",https://s3-media0.fl.yelpcdn.com/bphoto/iwM0DJ421wc21pt-j8y9xA/l.jpg,,,Diners
https://s3-media0.fl.yelpcdn.com,Sunset Grill,12 reviews,Breakfast & Brunch,(416) 252-2777,"Etobicoke, ON M8V 0E3",https://s3-media0.fl.yelpcdn.com/bphoto/_7ZkOuYGMTQXrdjuNdd0cA/l.jpg,,7:00 AM - 3:00 PM,Breakfast & Brunch
https://s3-media0.fl.yelpcdn.com,Wimpy's Diner,18 reviews,,(905) 597-4782,,https://s3-media0.fl.yelpcdn.com/bphoto/Fzfn72tjF6FVm25EsXyE0Q/l.jpg,,,Burgers
https://s3-media0.fl.yelpcdn.com,Denny's,9 reviews,American (Traditional),(416) 646-0785,,https://s3-media0.fl.yelpcdn.com/bphoto/TTOPkNDXQc7vrodcD4JFLg/l.jpg,,,American (Traditional)
https://s3-media0.fl.yelpcdn.com,Sunset Grill,33 reviews,Breakfast & Brunch,(905) 891-2200,"Mississauga, ON L5H 1E8",https://s3-media0.fl.yelpcdn.com/bphoto/icky-IvyA46_pT3kSbxIKA/l.jpg,,8:30 AM - 2:30 PM,Breakfast & Brunch
https://s3-media0.fl.yelpcdn.com,Breakwater Fine Dining,17 reviews,American (Traditional),(905) 891-6225,"Mississauga, ON L5G 2T2",https://s3-media0.fl.yelpcdn.com/bphoto/9blg93Lz7lafZu8km-YX_g/l.jpg,,7:00 AM - 11:00 PM,American (Traditional)
https://s3-media0.fl.yelpcdn.com,Sunset Grill,24 reviews,Breakfast & Brunch,(416) 766-6667,,https://s3-media0.fl.yelpcdn.com/bphoto/ZSOIv24SfOro5OEqJ5VEWA/l.jpg,,7:00 AM - 3:00 PM,Breakfast & Brunch
https://s3-media0.fl.yelpcdn.com,,,,,,,,,
https://s3-media0.fl.yelpcdn.com,Sunset Grill,12 reviews,,(647) 346-7300,,https://s3-media0.fl.yelpcdn.com/bphoto/IJIFMNNStShBU4BAD0mi1g/l.jpg,,7:00 AM - 3:00 PM,Diners
https://s3-media0.fl.yelpcdn.com,C J's Donuts & Diner,,,"590 Ellesmere Road Scarborough, ON M1R 4E9","Scarborough, ON M1R 4E9",,,,Diners
https://s3-media0.fl.yelpcdn.com,Sunset Grill,18 reviews,Breakfast & Brunch,(416) 636-3447,Suite  1,https://s3-media0.fl.yelpcdn.com/bphoto/uCRBFrCpGIZ3LhGx6MlC8Q/l.jpg,,6:30 AM - 3:30 PM,Breakfast & Brunch
https://s3-media0.fl.yelpcdn.com,Apple Jacks Junior,,,"90 Signet Dr North York, ON M9L 1T5",,,,,Diners
https://s3-media0.fl.yelpcdn.com,Sunset Grill,23 reviews,Breakfast & Brunch,(905) 264-3773,,https://s3-media0.fl.yelpcdn.com/bphoto/pjNiU2v2uJTsCvcIZfQs3Q/l.jpg,,7:00 AM - 3:00 PM,Breakfast & Brunch
https://s3-media0.fl.yelpcdn.com,Sunset Grill,13 reviews,Breakfast & Brunch,(416) 620-0080,"Etobicoke, ON M9C 1A8",https://s3-media0.fl.yelpcdn.com/bphoto/peIHf8ODKI7BvXiuMVp5Rg/l.jpg,,6:30 AM - 3:00 PM,Breakfast & Brunch
https://s3-media0.fl.yelpcdn.com,Wimpy's Diner,,,"20 Rivermede Road Concord, ON L4K 3N3",,,,,Diners
https://s3-media0.fl.yelpcdn.com,Wimpeys Diner,,Diners,"3555 Av Street Clair E Scarborough, ON M1K 1L6","Scarborough, ON M1K 1L6",,,,Diners
https://s3-media0.fl.yelpcdn.com,Sunset Grill,23 reviews,Breakfast & Brunch,(905) 277-7677,"Mississauga, ON L4X 1L4",https://s3-media0.fl.yelpcdn.com/bphoto/HJnbvMaM0x75JeOqQP050A/l.jpg,,6:30 AM - 2:00 PM,Breakfast & Brunch
https://s3-media0.fl.yelpcdn.com,Can-Cey Restaurant,,,"1347 Danforth Road Toronto, ON M1J 1G2","Toronto, ON M1J 1G2",,,,Diners
https://s3-media0.fl.yelpcdn.com,The Magnetic Diner,,,"401 Magnetic Drive North York, ON M3J 3H9",,,,,Diners
